,filename,snr,srmr
0,/ocean/projects/cis220031p/mshah1/audio_robustness_benchmark//RIRS_NOISES/real_rirs_isotropic_noises/RWCP_type1_rir_circle_e1c_imp120.wav,-4.945034203657504,4.220313841956944
1,/ocean/projects/cis220031p/mshah1/audio_robustness_benchmark//RIRS_NOISES/real_rirs_isotropic_noises/RVB2014_type1_noise_mediumroom1_1.wav,-0.38394419751569353,0.8824925402647139
2,/ocean/projects/cis220031p/mshah1/audio_robustness_benchmark//RIRS_NOISES/real_rirs_isotropic_noises/air_type1_air_binaural_aula_carolina_1_5_90_3.wav,-4.357348950904412,1.1227927062494714
3,/ocean/projects/cis220031p/mshah1/audio_robustness_benchmark//RIRS_NOISES/real_rirs_isotropic_noises/RWCP_type4_rir_p90r.wav,-4.332260462304623,7.055641110179087
4,/ocean/projects/cis220031p/mshah1/audio_robustness_benchmark//RIRS_NOISES/real_rirs_isotropic_noises/air_type1_air_binaural_office_0_1.wav,-5.657763386478058,3.174215017925025
5,/ocean/projects/cis220031p/mshah1/audio_robustness_benchmark//RIRS_NOISES/real_rirs_isotropic_noises/RWCP_type4_rir_m50r.wav,-4.68464503564449,7.4435712127679
6,/ocean/projects/cis220031p/mshah1/audio_robustness_benchmark//RIRS_NOISES/real_rirs_isotropic_noises/RWCP_type2_rir_cirline_e2a_imp110.wav,-6.9021199267957085,6.448627922282895
7,/ocean/projects/cis220031p/mshah1/audio_robustness_benchmark//RIRS_NOISES/real_rirs_isotropic_noises/RVB2014_type1_noise_smallroom1_5.wav,-0.676540702240737,1.0463635499939126
8,/ocean/projects/cis220031p/mshah1/audio_robustness_benchmark//RIRS_NOISES/real_rirs_isotropic_noises/air_type1_air_binaural_meeting_0_2.wav,-3.8516367055687537,5.523654585492748
9,/ocean/projects/cis220031p/mshah1/audio_robustness_benchmark//RIRS_NOISES/real_rirs_isotropic_noises/air_type1_air_phone_stairway2_hhp.wav,-3.867659727680208,2.070813717158478
10,/ocean/projects/cis220031p/mshah1/audio_robustness_benchmark//RIRS_NOISES/real_rirs_isotropic_noises/RWCP_type4_rir_000r.wav,-4.122954271746929,7.812283245008312
11,/ocean/projects/cis220031p/mshah1/audio_robustness_benchmark//RIRS_NOISES/real_rirs_isotropic_noises/air_type1_air_binaural_stairway_1_1_30.wav,-4.184326793362173,1.7930489022702703
12,/ocean/projects/cis220031p/mshah1/audio_robustness_benchmark//RIRS_NOISES/real_rirs_isotropic_noises/RWCP_type4_rir_m40r.wav,-4.23570833813786,7.266129183524148
13,/ocean/projects/cis220031p/mshah1/audio_robustness_benchmark//RIRS_NOISES/real_rirs_isotropic_noises/RVB2014_type1_rir_smallroom2_far_anglb.wav,-2.634324971149489,5.7664238125333735
14,/ocean/projects/cis220031p/mshah1/audio_robustness_benchmark//RIRS_NOISES/real_rirs_isotropic_noises/RVB2014_type1_noise_largeroom1_5.wav,-0.465293049184909,0.7941271712217846
15,/ocean/projects/cis220031p/mshah1/audio_robustness_benchmark//RIRS_NOISES/real_rirs_isotropic_noises/RWCP_type2_rir_cirline_jr1_imp070.wav,-5.9116375098860505,3.2341359905366027
16,/ocean/projects/cis220031p/mshah1/audio_robustness_benchmark//RIRS_NOISES/real_rirs_isotropic_noises/air_type1_air_binaural_stairway_1_1_45.wav,-4.168109316497559,2.1217183029330258
17,/ocean/projects/cis220031p/mshah1/audio_robustness_benchmark//RIRS_NOISES/real_rirs_isotropic_noises/air_type1_air_binaural_stairway_1_1_165.wav,-4.745573654937529,2.677591256332899
18,/ocean/projects/cis220031p/mshah1/audio_robustness_benchmark//RIRS_NOISES/real_rirs_isotropic_noises/RVB2014_type1_noise_smallroom2_2.wav,-0.7334987321911655,0.8784083421693526
19,/ocean/projects/cis220031p/mshah1/audio_robustness_benchmark//RIRS_NOISES/real_rirs_isotropic_noises/RVB2014_type1_noise_mediumroom2_10.wav,-1.792741321921073,0.6903517548799143
20,/ocean/projects/cis220031p/mshah1/audio_robustness_benchmark//RIRS_NOISES/real_rirs_isotropic_noises/RVB2014_type1_noise_smallroom1_9.wav,-0.7028535103815926,0.9509003048483293
21,/ocean/projects/cis220031p/mshah1/audio_robustness_benchmark//RIRS_NOISES/real_rirs_isotropic_noises/RWCP_type4_rir_p20r.wav,-4.747998588081215,8.044960262750294
22,/ocean/projects/cis220031p/mshah1/audio_robustness_benchmark//RIRS_NOISES/real_rirs_isotropic_noises/RWCP_type2_rir_cirline_e2a_imp090.wav,-7.243618270565134,7.930712659118646
23,/ocean/projects/cis220031p/mshah1/audio_robustness_benchmark//RIRS_NOISES/real_rirs_isotropic_noises/air_type1_air_phone_kitchen_hhp.wav,-3.5307748720485392,2.980558223079939
24,/ocean/projects/cis220031p/mshah1/audio_robustness_benchmark//RIRS_NOISES/real_rirs_isotropic_noises/air_type1_air_binaural_stairway_1_2_150.wav,-4.407693099001716,2.195710599315904
25,/ocean/projects/cis220031p/mshah1/audio_robustness_benchmark//RIRS_NOISES/real_rirs_isotropic_noises/RWCP_type1_rir_cirline_jr1_imp070.wav,-5.231224288298128,2.603565148971768
26,/ocean/projects/cis220031p/mshah1/audio_robustness_benchmark//RIRS_NOISES/real_rirs_isotropic_noises/RVB2014_type1_noise_largeroom1_10.wav,-0.4295015552638567,0.8122258084309719
27,/ocean/projects/cis220031p/mshah1/audio_robustness_benchmark//RIRS_NOISES/real_rirs_isotropic_noises/RWCP_type1_rir_circle_ane_imp040.wav,-4.357529552287122,8.104465400581786
28,/ocean/projects/cis220031p/mshah1/audio_robustness_benchmark//RIRS_NOISES/real_rirs_isotropic_noises/air_type1_air_binaural_stairway_1_3_165.wav,-4.247482785174892,2.060424887567758
29,/ocean/projects/cis220031p/mshah1/audio_robustness_benchmark//RIRS_NOISES/real_rirs_isotropic_noises/RWCP_type1_rir_cirline_jr1_imp080.wav,-5.8639983353749106,2.3017881615914058
30,/ocean/projects/cis220031p/mshah1/audio_robustness_benchmark//RIRS_NOISES/real_rirs_isotropic_noises/RWCP_type2_rir_cirline_ane_imp070.wav,-6.573703815499892,8.598881391492
31,/ocean/projects/cis220031p/mshah1/audio_robustness_benchmark//RIRS_NOISES/real_rirs_isotropic_noises/RVB2014_type1_noise_smallroom1_6.wav,-0.6748170290052767,0.9862773336276183
32,/ocean/projects/cis220031p/mshah1/audio_robustness_benchmark//RIRS_NOISES/real_rirs_isotropic_noises/RWCP_type1_rir_circle_e1c_imp030.wav,-3.495764575531129,3.45287427159505
33,/ocean/projects/cis220031p/mshah1/audio_robustness_benchmark//RIRS_NOISES/real_rirs_isotropic_noises/air_type1_air_phone_meeting_hfrp.wav,-4.748822852272297,6.103917646764169
34,/ocean/projects/cis220031p/mshah1/audio_robustness_benchmark//RIRS_NOISES/real_rirs_isotropic_noises/RVB2014_type1_noise_mediumroom2_2.wav,-1.818027664273032,0.7310857041485315
35,/ocean/projects/cis220031p/mshah1/audio_robustness_benchmark//RIRS_NOISES/real_rirs_isotropic_noises/air_type1_air_binaural_stairway_1_2_105.wav,-3.653126433227115,2.071369321124311
36,/ocean/projects/cis220031p/mshah1/audio_robustness_benchmark//RIRS_NOISES/real_rirs_isotropic_noises/RWCP_type2_rir_cirline_jr1_imp110.wav,-6.470387364153086,3.671476028549439
37,/ocean/projects/cis220031p/mshah1/audio_robustness_benchmark//RIRS_NOISES/real_rirs_isotropic_noises/RWCP_type1_rir_circle_ane_imp090.wav,-3.8906483442009274,8.634860530545684
38,/ocean/projects/cis220031p/mshah1/audio_robustness_benchmark//RIRS_NOISES/real_rirs_isotropic_noises/air_type1_air_phone_bathroom_hfrp.wav,-3.210892798279128,3.714226383620326
39,/ocean/projects/cis220031p/mshah1/audio_robustness_benchmark//RIRS_NOISES/real_rirs_isotropic_noises/RVB2014_type1_noise_smallroom2_7.wav,-0.7408919274622231,0.872789694468451
40,/ocean/projects/cis220031p/mshah1/audio_robustness_benchmark//RIRS_NOISES/real_rirs_isotropic_noises/RVB2014_type1_noise_mediumroom2_7.wav,-1.815271854545271,0.7475524499711513
41,/ocean/projects/cis220031p/mshah1/audio_robustness_benchmark//RIRS_NOISES/real_rirs_isotropic_noises/RWCP_type4_rir_m40l.wav,-4.204126796254787,6.818927433950979
42,/ocean/projects/cis220031p/mshah1/audio_robustness_benchmark//RIRS_NOISES/real_rirs_isotropic_noises/RWCP_type1_rir_cirline_e2a_imp110.wav,-6.8025818306194425,7.260896521347095
43,/ocean/projects/cis220031p/mshah1/audio_robustness_benchmark//RIRS_NOISES/real_rirs_isotropic_noises/air_type1_air_phone_bt_corridor_hhp.wav,-4.291243716049274,1.4289110330417016
44,/ocean/projects/cis220031p/mshah1/audio_robustness_benchmark//RIRS_NOISES/real_rirs_isotropic_noises/RVB2014_type1_rir_smallroom1_near_anglb.wav,-2.072279721078722,6.96884160073269
45,/ocean/projects/cis220031p/mshah1/audio_robustness_benchmark//RIRS_NOISES/real_rirs_isotropic_noises/RWCP_type1_rir_cirline_jr1_imp110.wav,-5.889355488551717,2.967551796194291
46,/ocean/projects/cis220031p/mshah1/audio_robustness_benchmark//RIRS_NOISES/real_rirs_isotropic_noises/RWCP_type1_rir_cirline_jr2_imp060.wav,-6.044377092186998,2.766758766095675
47,/ocean/projects/cis220031p/mshah1/audio_robustness_benchmark//RIRS_NOISES/real_rirs_isotropic_noises/RWCP_type1_rir_circle_ane_imp260.wav,-4.258843743818703,9.175595004322748
48,/ocean/projects/cis220031p/mshah1/audio_robustness_benchmark//RIRS_NOISES/real_rirs_isotropic_noises/air_type1_air_binaural_meeting_1_1.wav,-4.288225621327438,5.04338432280013
49,/ocean/projects/cis220031p/mshah1/audio_robustness_benchmark//RIRS_NOISES/real_rirs_isotropic_noises/air_type1_air_phone_bt_office_hhp.wav,-3.2875509435885855,2.4015673187639557
50,/ocean/projects/cis220031p/mshah1/audio_robustness_benchmark//RIRS_NOISES/real_rirs_isotropic_noises/RWCP_type1_rir_circle_e1c_imp130.wav,-4.6921342570071145,3.641560830260305
51,/ocean/projects/cis220031p/mshah1/audio_robustness_benchmark//RIRS_NOISES/real_rirs_isotropic_noises/air_type1_air_binaural_stairway_1_1_105.wav,-4.60514465537287,2.825784992510988
52,/ocean/projects/cis220031p/mshah1/audio_robustness_benchmark//RIRS_NOISES/real_rirs_isotropic_noises/RVB2014_type1_noise_largeroom2_1.wav,-0.7404503521947909,0.5788410023153892
53,/ocean/projects/cis220031p/mshah1/audio_robustness_benchmark//RIRS_NOISES/real_rirs_isotropic_noises/RWCP_type1_rir_circle_e1c_imp050.wav,-4.158561533667595,4.099290749950771
54,/ocean/projects/cis220031p/mshah1/audio_robustness_benchmark//RIRS_NOISES/real_rirs_isotropic_noises/air_type1_air_binaural_lecture_0_2.wav,-4.3066364057963025,2.7491489969670577
55,/ocean/projects/cis220031p/mshah1/audio_robustness_benchmark//RIRS_NOISES/real_rirs_isotropic_noises/RWCP_type1_rir_cirline_jr1_imp060.wav,-5.754506470294368,2.63425344131878
56,/ocean/projects/cis220031p/mshah1/audio_robustness_benchmark//RIRS_NOISES/real_rirs_isotropic_noises/RVB2014_type1_rir_smallroom2_near_angla.wav,-2.219862461202274,8.225155010292786
57,/ocean/projects/cis220031p/mshah1/audio_robustness_benchmark//RIRS_NOISES/real_rirs_isotropic_noises/RWCP_type1_rir_circle_ane_imp000.wav,-4.582289028866376,5.8286432119394265
58,/ocean/projects/cis220031p/mshah1/audio_robustness_benchmark//RIRS_NOISES/real_rirs_isotropic_noises/RVB2014_type1_noise_largeroom1_1.wav,-0.4651882650455951,0.6875082837651503
59,/ocean/projects/cis220031p/mshah1/audio_robustness_benchmark//RIRS_NOISES/real_rirs_isotropic_noises/air_type1_air_binaural_stairway_1_1_120.wav,-4.7206291183340685,2.434222124411694
60,/ocean/projects/cis220031p/mshah1/audio_robustness_benchmark//RIRS_NOISES/real_rirs_isotropic_noises/air_type1_air_binaural_lecture_0_6.wav,-4.105328941928702,2.5823568623029365
61,/ocean/projects/cis220031p/mshah1/audio_robustness_benchmark//RIRS_NOISES/real_rirs_isotropic_noises/RVB2014_type1_noise_smallroom1_1.wav,-0.6112118194384745,0.8921838973721594
62,/ocean/projects/cis220031p/mshah1/audio_robustness_benchmark//RIRS_NOISES/real_rirs_isotropic_noises/air_type1_air_binaural_stairway_1_2_0.wav,-4.338089695962214,2.2869138015616888
63,/ocean/projects/cis220031p/mshah1/audio_robustness_benchmark//RIRS_NOISES/real_rirs_isotropic_noises/RWCP_type1_rir_circle_ane_imp080.wav,-4.057489490840242,7.89709810844924
64,/ocean/projects/cis220031p/mshah1/audio_robustness_benchmark//RIRS_NOISES/real_rirs_isotropic_noises/RWCP_type1_rir_circle_ane_imp110.wav,-4.046873519710188,8.411251883240633
65,/ocean/projects/cis220031p/mshah1/audio_robustness_benchmark//RIRS_NOISES/real_rirs_isotropic_noises/air_type1_air_binaural_aula_carolina_1_4_90_3.wav,-3.6226765436956034,1.3533447035510664
66,/ocean/projects/cis220031p/mshah1/audio_robustness_benchmark//RIRS_NOISES/real_rirs_isotropic_noises/RWCP_type1_rir_circle_ane_imp070.wav,-3.867206205547869,8.613835835465931
67,/ocean/projects/cis220031p/mshah1/audio_robustness_benchmark//RIRS_NOISES/real_rirs_isotropic_noises/air_type1_air_binaural_stairway_1_3_0.wav,-4.926027152680974,2.2572001179813164
68,/ocean/projects/cis220031p/mshah1/audio_robustness_benchmark//RIRS_NOISES/real_rirs_isotropic_noises/air_type1_air_binaural_aula_carolina_1_6_90_3.wav,-4.569086453025424,0.9645560446229445
69,/ocean/projects/cis220031p/mshah1/audio_robustness_benchmark//RIRS_NOISES/real_rirs_isotropic_noises/RVB2014_type1_noise_largeroom2_8.wav,-0.6232989769297707,0.6036641245608189
70,/ocean/projects/cis220031p/mshah1/audio_robustness_benchmark//RIRS_NOISES/real_rirs_isotropic_noises/air_type1_air_binaural_stairway_1_2_120.wav,-4.434720562680852,1.7170518445105547
71,/ocean/projects/cis220031p/mshah1/audio_robustness_benchmark//RIRS_NOISES/real_rirs_isotropic_noises/air_type1_air_phone_kitchen_hfrp.wav,-3.352633960966859,2.2497128280858516
72,/ocean/projects/cis220031p/mshah1/audio_robustness_benchmark//RIRS_NOISES/real_rirs_isotropic_noises/RVB2014_type1_noise_mediumroom1_7.wav,-0.41404812821905645,0.7082746545883744
73,/ocean/projects/cis220031p/mshah1/audio_robustness_benchmark//RIRS_NOISES/real_rirs_isotropic_noises/RWCP_type1_rir_circle_e1c_imp090.wav,-4.682230979053507,3.4989579526070775
74,/ocean/projects/cis220031p/mshah1/audio_robustness_benchmark//RIRS_NOISES/real_rirs_isotropic_noises/RVB2014_type1_rir_mediumroom1_far_anglb.wav,-3.3505299766922008,2.888905843541343
75,/ocean/projects/cis220031p/mshah1/audio_robustness_benchmark//RIRS_NOISES/real_rirs_isotropic_noises/RWCP_type4_rir_p80r.wav,-4.409184983015988,8.46834859052462
76,/ocean/projects/cis220031p/mshah1/audio_robustness_benchmark//RIRS_NOISES/real_rirs_isotropic_noises/RVB2014_type1_rir_smallroom1_far_anglb.wav,-2.740631476365508,7.60366923202927
77,/ocean/projects/cis220031p/mshah1/audio_robustness_benchmark//RIRS_NOISES/real_rirs_isotropic_noises/RVB2014_type1_rir_largeroom2_near_angla.wav,-2.483599962325498,5.917062920730721
78,/ocean/projects/cis220031p/mshah1/audio_robustness_benchmark//RIRS_NOISES/real_rirs_isotropic_noises/RVB2014_type1_noise_smallroom1_7.wav,-0.6147567461169713,0.9054906619658672
79,/ocean/projects/cis220031p/mshah1/audio_robustness_benchmark//RIRS_NOISES/real_rirs_isotropic_noises/RWCP_type1_rir_cirline_jr1_imp120.wav,-5.94642034140764,1.8926961154586126
80,/ocean/projects/cis220031p/mshah1/audio_robustness_benchmark//RIRS_NOISES/real_rirs_isotropic_noises/air_type1_air_binaural_aula_carolina_1_1_90_3.wav,-3.950385837166665,1.4905250976670075
81,/ocean/projects/cis220031p/mshah1/audio_robustness_benchmark//RIRS_NOISES/real_rirs_isotropic_noises/RVB2014_type1_noise_smallroom1_3.wav,-0.6716567898299376,1.0611600224974127
82,/ocean/projects/cis220031p/mshah1/audio_robustness_benchmark//RIRS_NOISES/real_rirs_isotropic_noises/air_type1_air_binaural_aula_carolina_1_3_135_3.wav,-5.548538006036162,1.5379545550888603
83,/ocean/projects/cis220031p/mshah1/audio_robustness_benchmark//RIRS_NOISES/real_rirs_isotropic_noises/air_type1_air_binaural_stairway_1_1_15.wav,-4.564533498276418,1.8322835993897484
84,/ocean/projects/cis220031p/mshah1/audio_robustness_benchmark//RIRS_NOISES/real_rirs_isotropic_noises/RVB2014_type1_rir_smallroom1_near_angla.wav,-1.4276273230570458,7.126565410051921
85,/ocean/projects/cis220031p/mshah1/audio_robustness_benchmark//RIRS_NOISES/real_rirs_isotropic_noises/RWCP_type4_rir_p90l.wav,-4.320855774865014,5.058465404439266
86,/ocean/projects/cis220031p/mshah1/audio_robustness_benchmark//RIRS_NOISES/real_rirs_isotropic_noises/RWCP_type1_rir_circle_e1c_imp110.wav,-4.155259836046637,3.8611911077486636
87,/ocean/projects/cis220031p/mshah1/audio_robustness_benchmark//RIRS_NOISES/real_rirs_isotropic_noises/air_type1_air_binaural_stairway_1_2_75.wav,-3.1833732053434587,2.5376289175671363
88,/ocean/projects/cis220031p/mshah1/audio_robustness_benchmark//RIRS_NOISES/real_rirs_isotropic_noises/air_type1_air_binaural_stairway_1_3_105.wav,-3.785181929635916,2.095022109174628
89,/ocean/projects/cis220031p/mshah1/audio_robustness_benchmark//RIRS_NOISES/real_rirs_isotropic_noises/RWCP_type1_rir_circle_e1c_imp040.wav,-4.174577721696886,3.4164494895840316
90,/ocean/projects/cis220031p/mshah1/audio_robustness_benchmark//RIRS_NOISES/real_rirs_isotropic_noises/RVB2014_type1_noise_smallroom2_8.wav,-0.6316845148725593,0.776787964046206
91,/ocean/projects/cis220031p/mshah1/audio_robustness_benchmark//RIRS_NOISES/real_rirs_isotropic_noises/air_type1_air_binaural_aula_carolina_1_3_0_3.wav,-5.044670358611477,2.487790739909424
92,/ocean/projects/cis220031p/mshah1/audio_robustness_benchmark//RIRS_NOISES/real_rirs_isotropic_noises/RWCP_type1_rir_cirline_jr1_imp090.wav,-6.147025998370706,2.708608898608966
93,/ocean/projects/cis220031p/mshah1/audio_robustness_benchmark//RIRS_NOISES/real_rirs_isotropic_noises/RWCP_type1_rir_circle_e1a_imp090.wav,-4.458586494447348,7.46385929826022
94,/ocean/projects/cis220031p/mshah1/audio_robustness_benchmark//RIRS_NOISES/real_rirs_isotropic_noises/RWCP_type1_rir_circle_ane_imp250.wav,-4.164820163851125,8.800693057215806
95,/ocean/projects/cis220031p/mshah1/audio_robustness_benchmark//RIRS_NOISES/real_rirs_isotropic_noises/RWCP_type1_rir_cirline_e2a_imp090.wav,-6.836023879360693,6.040253954198598
96,/ocean/projects/cis220031p/mshah1/audio_robustness_benchmark//RIRS_NOISES/real_rirs_isotropic_noises/RVB2014_type1_rir_largeroom1_near_angla.wav,-2.2094856332060115,4.514231762933661
97,/ocean/projects/cis220031p/mshah1/audio_robustness_benchmark//RIRS_NOISES/real_rirs_isotropic_noises/RWCP_type4_rir_m10r.wav,-4.061380209638781,6.983123059651696
98,/ocean/projects/cis220031p/mshah1/audio_robustness_benchmark//RIRS_NOISES/real_rirs_isotropic_noises/RVB2014_type1_noise_largeroom1_7.wav,-0.41803505800945395,0.6720801797203545
99,/ocean/projects/cis220031p/mshah1/audio_robustness_benchmark//RIRS_NOISES/real_rirs_isotropic_noises/RWCP_type4_rir_m70l.wav,-4.284900230932805,7.282264762371899
100,/ocean/projects/cis220031p/mshah1/audio_robustness_benchmark//RIRS_NOISES/real_rirs_isotropic_noises/air_type1_air_binaural_booth_0_2.wav,-3.812877031080567,9.108789095261917
101,/ocean/projects/cis220031p/mshah1/audio_robustness_benchmark//RIRS_NOISES/real_rirs_isotropic_noises/air_type1_air_binaural_stairway_1_2_135.wav,-5.029288633041293,2.234363997486532
102,/ocean/projects/cis220031p/mshah1/audio_robustness_benchmark//RIRS_NOISES/real_rirs_isotropic_noises/RVB2014_type1_rir_largeroom1_far_anglb.wav,-3.434960618159608,1.9894739564666108
103,/ocean/projects/cis220031p/mshah1/audio_robustness_benchmark//RIRS_NOISES/real_rirs_isotropic_noises/RVB2014_type1_noise_mediumroom1_5.wav,-0.47976410527527397,0.9635022385957612
104,/ocean/projects/cis220031p/mshah1/audio_robustness_benchmark//RIRS_NOISES/real_rirs_isotropic_noises/RWCP_type1_rir_circle_e1c_imp140.wav,-4.3638836473878815,3.4207809427937486
105,/ocean/projects/cis220031p/mshah1/audio_robustness_benchmark//RIRS_NOISES/real_rirs_isotropic_noises/RWCP_type4_rir_p60l.wav,-4.126322222477144,7.976970419013159
106,/ocean/projects/cis220031p/mshah1/audio_robustness_benchmark//RIRS_NOISES/real_rirs_isotropic_noises/RWCP_type1_rir_circle_e1b_imp120.wav,-4.740357982898876,3.850487841551056
107,/ocean/projects/cis220031p/mshah1/audio_robustness_benchmark//RIRS_NOISES/real_rirs_isotropic_noises/RWCP_type1_rir_circle_ane_imp270.wav,-4.35431158023433,9.15549832749716
108,/ocean/projects/cis220031p/mshah1/audio_robustness_benchmark//RIRS_NOISES/real_rirs_isotropic_noises/RWCP_type2_rir_cirline_e2b_imp070.wav,-5.78234276091167,1.9893409667934008
109,/ocean/projects/cis220031p/mshah1/audio_robustness_benchmark//RIRS_NOISES/real_rirs_isotropic_noises/air_type1_air_binaural_lecture_1_4.wav,-3.914698527672626,1.751800284992793
110,/ocean/projects/cis220031p/mshah1/audio_robustness_benchmark//RIRS_NOISES/real_rirs_isotropic_noises/RWCP_type1_rir_circle_e1b_imp150.wav,-4.134784296040355,4.172590619141291
111,/ocean/projects/cis220031p/mshah1/audio_robustness_benchmark//RIRS_NOISES/real_rirs_isotropic_noises/air_type1_air_binaural_stairway_1_1_150.wav,-4.680251311762044,1.8757061349898256
112,/ocean/projects/cis220031p/mshah1/audio_robustness_benchmark//RIRS_NOISES/real_rirs_isotropic_noises/air_type1_air_phone_bathroom_hhp.wav,-3.3774322147479388,2.537804575339679
113,/ocean/projects/cis220031p/mshah1/audio_robustness_benchmark//RIRS_NOISES/real_rirs_isotropic_noises/RWCP_type4_rir_m20r.wav,-4.183122504708266,7.606180267981272
114,/ocean/projects/cis220031p/mshah1/audio_robustness_benchmark//RIRS_NOISES/real_rirs_isotropic_noises/RWCP_type4_rir_p50r.wav,-4.564097004104996,7.202871643135182
115,/ocean/projects/cis220031p/mshah1/audio_robustness_benchmark//RIRS_NOISES/real_rirs_isotropic_noises/RWCP_type4_rir_p60r.wav,-4.879777271391486,5.478386773174489
116,/ocean/projects/cis220031p/mshah1/audio_robustness_benchmark//RIRS_NOISES/real_rirs_isotropic_noises/RWCP_type1_rir_circle_e1b_imp170.wav,-4.520805318169917,3.7509833423784906
117,/ocean/projects/cis220031p/mshah1/audio_robustness_benchmark//RIRS_NOISES/real_rirs_isotropic_noises/RWCP_type4_rir_p40r.wav,-4.368752807834208,7.942788843579613
118,/ocean/projects/cis220031p/mshah1/audio_robustness_benchmark//RIRS_NOISES/real_rirs_isotropic_noises/RWCP_type4_rir_p30r.wav,-4.589107749194668,7.567916123939461
119,/ocean/projects/cis220031p/mshah1/audio_robustness_benchmark//RIRS_NOISES/real_rirs_isotropic_noises/RWCP_type1_rir_cirline_ofc_imp100.wav,-5.453219953345969,1.927295391612895
120,/ocean/projects/cis220031p/mshah1/audio_robustness_benchmark//RIRS_NOISES/real_rirs_isotropic_noises/RWCP_type2_rir_cirline_e2b_imp090.wav,-5.884461350549365,1.8413783649609494
121,/ocean/projects/cis220031p/mshah1/audio_robustness_benchmark//RIRS_NOISES/real_rirs_isotropic_noises/RVB2014_type1_noise_largeroom1_8.wav,-0.4697291898049166,0.8536360914019409
122,/ocean/projects/cis220031p/mshah1/audio_robustness_benchmark//RIRS_NOISES/real_rirs_isotropic_noises/air_type1_air_phone_office_hhp.wav,-3.2233213461822694,2.855181660599163
123,/ocean/projects/cis220031p/mshah1/audio_robustness_benchmark//RIRS_NOISES/real_rirs_isotropic_noises/RWCP_type4_rir_m20l.wav,-4.540115389753913,7.327380347157152
124,/ocean/projects/cis220031p/mshah1/audio_robustness_benchmark//RIRS_NOISES/real_rirs_isotropic_noises/RWCP_type2_rir_cirline_ofc_imp090.wav,-6.058210538291652,2.4668390047235653
125,/ocean/projects/cis220031p/mshah1/audio_robustness_benchmark//RIRS_NOISES/real_rirs_isotropic_noises/RWCP_type1_rir_cirline_e2a_imp030.wav,-6.552693421598464,5.775887399710634
126,/ocean/projects/cis220031p/mshah1/audio_robustness_benchmark//RIRS_NOISES/real_rirs_isotropic_noises/air_type1_air_binaural_stairway_1_2_180.wav,-4.100182370116995,2.9080462267603417
127,/ocean/projects/cis220031p/mshah1/audio_robustness_benchmark//RIRS_NOISES/real_rirs_isotropic_noises/air_type1_air_binaural_stairway_1_3_15.wav,-4.886882611144648,2.0554447256948527
128,/ocean/projects/cis220031p/mshah1/audio_robustness_benchmark//RIRS_NOISES/real_rirs_isotropic_noises/air_type1_air_binaural_office_1_3.wav,-5.291469996072214,2.8769940845402187
129,/ocean/projects/cis220031p/mshah1/audio_robustness_benchmark//RIRS_NOISES/real_rirs_isotropic_noises/RWCP_type4_rir_p10r.wav,-4.216537329487922,7.565998160010155
130,/ocean/projects/cis220031p/mshah1/audio_robustness_benchmark//RIRS_NOISES/real_rirs_isotropic_noises/RWCP_type1_rir_circle_e1c_imp020.wav,-3.6767388452326486,3.090047473230057
131,/ocean/projects/cis220031p/mshah1/audio_robustness_benchmark//RIRS_NOISES/real_rirs_isotropic_noises/air_type1_air_binaural_lecture_0_3.wav,-4.374793517163977,2.2236896040921517
132,/ocean/projects/cis220031p/mshah1/audio_robustness_benchmark//RIRS_NOISES/real_rirs_isotropic_noises/RWCP_type4_rir_p20l.wav,-4.483110843406626,7.336186593110513
133,/ocean/projects/cis220031p/mshah1/audio_robustness_benchmark//RIRS_NOISES/real_rirs_isotropic_noises/RWCP_type2_rir_cirline_ane_imp050.wav,-6.762390760153698,8.351505918106342
134,/ocean/projects/cis220031p/mshah1/audio_robustness_benchmark//RIRS_NOISES/real_rirs_isotropic_noises/air_type1_air_binaural_lecture_1_1.wav,-4.631415399654694,2.1036021095787505
135,/ocean/projects/cis220031p/mshah1/audio_robustness_benchmark//RIRS_NOISES/real_rirs_isotropic_noises/RVB2014_type1_noise_mediumroom2_8.wav,-1.8165791608953974,0.7480565038851448
136,/ocean/projects/cis220031p/mshah1/audio_robustness_benchmark//RIRS_NOISES/real_rirs_isotropic_noises/RWCP_type1_rir_cirline_e2a_imp170.wav,-7.086960823376108,6.28103223235849
137,/ocean/projects/cis220031p/mshah1/audio_robustness_benchmark//RIRS_NOISES/real_rirs_isotropic_noises/air_type1_air_binaural_stairway_1_3_180.wav,-4.010299907961918,3.096536287955969
138,/ocean/projects/cis220031p/mshah1/audio_robustness_benchmark//RIRS_NOISES/real_rirs_isotropic_noises/RWCP_type1_rir_circle_e1c_imp010.wav,-4.410181873767778,3.98353865032958
139,/ocean/projects/cis220031p/mshah1/audio_robustness_benchmark//RIRS_NOISES/real_rirs_isotropic_noises/RWCP_type1_rir_circle_e1c_imp060.wav,-4.336350528547852,3.1832584399339856
140,/ocean/projects/cis220031p/mshah1/audio_robustness_benchmark//RIRS_NOISES/real_rirs_isotropic_noises/RVB2014_type1_rir_smallroom2_far_angla.wav,-3.0171042588272443,6.067933937597365
141,/ocean/projects/cis220031p/mshah1/audio_robustness_benchmark//RIRS_NOISES/real_rirs_isotropic_noises/RVB2014_type1_noise_largeroom2_10.wav,-0.601418917364706,0.5827137599827316
142,/ocean/projects/cis220031p/mshah1/audio_robustness_benchmark//RIRS_NOISES/real_rirs_isotropic_noises/RWCP_type1_rir_cirline_e2b_imp150.wav,-5.5418785275499225,2.3463292935260784
143,/ocean/projects/cis220031p/mshah1/audio_robustness_benchmark//RIRS_NOISES/real_rirs_isotropic_noises/RWCP_type2_rir_cirline_e2a_imp070.wav,-6.360862259108381,5.9230863285190845
144,/ocean/projects/cis220031p/mshah1/audio_robustness_benchmark//RIRS_NOISES/real_rirs_isotropic_noises/RWCP_type1_rir_circle_ane_imp290.wav,-5.0268782352439825,9.528220898856436
145,/ocean/projects/cis220031p/mshah1/audio_robustness_benchmark//RIRS_NOISES/real_rirs_isotropic_noises/RWCP_type1_rir_circle_e1b_imp180.wav,-4.154984207491283,3.6731290193240254
146,/ocean/projects/cis220031p/mshah1/audio_robustness_benchmark//RIRS_NOISES/real_rirs_isotropic_noises/RWCP_type4_rir_m80r.wav,-4.035954985413607,6.87840912267234
147,/ocean/projects/cis220031p/mshah1/audio_robustness_benchmark//RIRS_NOISES/real_rirs_isotropic_noises/RWCP_type1_rir_circle_ane_imp230.wav,-5.019495618972416,8.572705400208319
148,/ocean/projects/cis220031p/mshah1/audio_robustness_benchmark//RIRS_NOISES/real_rirs_isotropic_noises/air_type1_air_binaural_office_1_1.wav,-5.688786912682481,3.222508717804615
149,/ocean/projects/cis220031p/mshah1/audio_robustness_benchmark//RIRS_NOISES/real_rirs_isotropic_noises/RVB2014_type1_rir_smallroom2_near_anglb.wav,-2.1548998828287034,7.522643129680694
150,/ocean/projects/cis220031p/mshah1/audio_robustness_benchmark//RIRS_NOISES/real_rirs_isotropic_noises/RWCP_type1_rir_cirline_ofc_imp090.wav,-5.682697707801836,2.2523999817912843
151,/ocean/projects/cis220031p/mshah1/audio_robustness_benchmark//RIRS_NOISES/real_rirs_isotropic_noises/air_type1_air_binaural_meeting_0_1.wav,-4.473147801845096,4.713296718574568
152,/ocean/projects/cis220031p/mshah1/audio_robustness_benchmark//RIRS_NOISES/real_rirs_isotropic_noises/RWCP_type1_rir_circle_ane_imp130.wav,-4.88592061944278,9.064197255397868
153,/ocean/projects/cis220031p/mshah1/audio_robustness_benchmark//RIRS_NOISES/real_rirs_isotropic_noises/RWCP_type2_rir_cirline_e2a_imp050.wav,-7.286958889362853,6.200741816307441
154,/ocean/projects/cis220031p/mshah1/audio_robustness_benchmark//RIRS_NOISES/real_rirs_isotropic_noises/RWCP_type1_rir_circle_ane_imp030.wav,-4.628791035223207,6.006330077503877
155,/ocean/projects/cis220031p/mshah1/audio_robustness_benchmark//RIRS_NOISES/real_rirs_isotropic_noises/RWCP_type2_rir_cirline_jr1_imp090.wav,-5.912227024168255,1.878203239054711
156,/ocean/projects/cis220031p/mshah1/audio_robustness_benchmark//RIRS_NOISES/real_rirs_isotropic_noises/air_type1_air_phone_stairway_hhp.wav,-4.383355924644313,4.9345975400574265
157,/ocean/projects/cis220031p/mshah1/audio_robustness_benchmark//RIRS_NOISES/real_rirs_isotropic_noises/RVB2014_type1_noise_largeroom2_5.wav,-0.8223194416760731,0.5874455646633611
158,/ocean/projects/cis220031p/mshah1/audio_robustness_benchmark//RIRS_NOISES/real_rirs_isotropic_noises/RWCP_type1_rir_circle_e1c_imp100.wav,-3.847049038576787,3.3391588336130544
159,/ocean/projects/cis220031p/mshah1/audio_robustness_benchmark//RIRS_NOISES/real_rirs_isotropic_noises/RWCP_type2_rir_cirline_ofc_imp130.wav,-6.021801290927443,2.457520653401574
160,/ocean/projects/cis220031p/mshah1/audio_robustness_benchmark//RIRS_NOISES/real_rirs_isotropic_noises/RVB2014_type1_rir_mediumroom2_near_anglb.wav,-1.9718800501569924,4.489425672067329
161,/ocean/projects/cis220031p/mshah1/audio_robustness_benchmark//RIRS_NOISES/real_rirs_isotropic_noises/RVB2014_type1_noise_smallroom2_1.wav,-0.8943278602539182,0.7183845032737022
162,/ocean/projects/cis220031p/mshah1/audio_robustness_benchmark//RIRS_NOISES/real_rirs_isotropic_noises/air_type1_air_binaural_stairway_1_3_75.wav,-4.031649137345658,2.1925410220348667
163,/ocean/projects/cis220031p/mshah1/audio_robustness_benchmark//RIRS_NOISES/real_rirs_isotropic_noises/RWCP_type1_rir_circle_e1b_imp000.wav,-4.632807532964799,2.9708807523460656
164,/ocean/projects/cis220031p/mshah1/audio_robustness_benchmark//RIRS_NOISES/real_rirs_isotropic_noises/air_type1_air_binaural_lecture_1_5.wav,-4.351007615665531,2.4127417986844875
165,/ocean/projects/cis220031p/mshah1/audio_robustness_benchmark//RIRS_NOISES/real_rirs_isotropic_noises/RWCP_type1_rir_cirline_jr2_imp120.wav,-4.594697716156681,3.460511297194384
166,/ocean/projects/cis220031p/mshah1/audio_robustness_benchmark//RIRS_NOISES/real_rirs_isotropic_noises/air_type1_air_binaural_booth_1_3.wav,-4.594991657101799,11.159351181169777
167,/ocean/projects/cis220031p/mshah1/audio_robustness_benchmark//RIRS_NOISES/real_rirs_isotropic_noises/air_type1_air_binaural_aula_carolina_1_3_45_3.wav,-4.046776809002275,1.6115140709249594
168,/ocean/projects/cis220031p/mshah1/audio_robustness_benchmark//RIRS_NOISES/real_rirs_isotropic_noises/RVB2014_type1_noise_smallroom1_4.wav,-0.6635433124731938,1.092236583754534
169,/ocean/projects/cis220031p/mshah1/audio_robustness_benchmark//RIRS_NOISES/real_rirs_isotropic_noises/RVB2014_type1_noise_mediumroom2_6.wav,-1.7854964425057784,0.667800426711305
170,/ocean/projects/cis220031p/mshah1/audio_robustness_benchmark//RIRS_NOISES/real_rirs_isotropic_noises/RWCP_type4_rir_m60l.wav,-4.518719753937385,6.992469402639787
171,/ocean/projects/cis220031p/mshah1/audio_robustness_benchmark//RIRS_NOISES/real_rirs_isotropic_noises/RVB2014_type1_rir_largeroom1_near_anglb.wav,-2.588565889425751,3.9917296144659944
172,/ocean/projects/cis220031p/mshah1/audio_robustness_benchmark//RIRS_NOISES/real_rirs_isotropic_noises/RWCP_type1_rir_circle_ane_imp320.wav,-4.372425399554661,6.273010672873018
173,/ocean/projects/cis220031p/mshah1/audio_robustness_benchmark//RIRS_NOISES/real_rirs_isotropic_noises/air_type1_air_phone_corridor_hfrp.wav,-3.870134021088519,1.700703869293113
174,/ocean/projects/cis220031p/mshah1/audio_robustness_benchmark//RIRS_NOISES/real_rirs_isotropic_noises/RWCP_type1_rir_circle_e1b_imp050.wav,-4.04411904145487,4.1450442950090896
175,/ocean/projects/cis220031p/mshah1/audio_robustness_benchmark//RIRS_NOISES/real_rirs_isotropic_noises/RWCP_type1_rir_cirline_jr2_imp110.wav,-5.453066994198229,3.039872366940621
176,/ocean/projects/cis220031p/mshah1/audio_robustness_benchmark//RIRS_NOISES/real_rirs_isotropic_noises/RVB2014_type1_noise_mediumroom2_3.wav,-1.9621731489663254,0.7799973540449373
177,/ocean/projects/cis220031p/mshah1/audio_robustness_benchmark//RIRS_NOISES/real_rirs_isotropic_noises/air_type1_air_binaural_lecture_0_1.wav,-4.606940840498513,2.4326801485363796
178,/ocean/projects/cis220031p/mshah1/audio_robustness_benchmark//RIRS_NOISES/real_rirs_isotropic_noises/air_type1_air_binaural_booth_1_2.wav,-3.2551952383673792,9.970588836227348
179,/ocean/projects/cis220031p/mshah1/audio_robustness_benchmark//RIRS_NOISES/real_rirs_isotropic_noises/RWCP_type1_rir_cirline_jr2_imp090.wav,-5.225293379487637,2.7361307975030256
180,/ocean/projects/cis220031p/mshah1/audio_robustness_benchmark//RIRS_NOISES/real_rirs_isotropic_noises/air_type1_air_binaural_booth_0_1.wav,-2.825787610223099,8.018927289738894
181,/ocean/projects/cis220031p/mshah1/audio_robustness_benchmark//RIRS_NOISES/real_rirs_isotropic_noises/RWCP_type1_rir_circle_ane_imp050.wav,-4.9108257555566865,7.329907396316756
182,/ocean/projects/cis220031p/mshah1/audio_robustness_benchmark//RIRS_NOISES/real_rirs_isotropic_noises/RWCP_type2_rir_cirline_ofc_imp050.wav,-5.8774004979192505,2.3335161444236916
183,/ocean/projects/cis220031p/mshah1/audio_robustness_benchmark//RIRS_NOISES/real_rirs_isotropic_noises/RWCP_type2_rir_cirline_ofc_imp070.wav,-5.8300793209092685,2.5401184348020247
184,/ocean/projects/cis220031p/mshah1/audio_robustness_benchmark//RIRS_NOISES/real_rirs_isotropic_noises/air_type1_air_binaural_stairway_1_2_90.wav,-3.949081593150278,3.045001087593609
185,/ocean/projects/cis220031p/mshah1/audio_robustness_benchmark//RIRS_NOISES/real_rirs_isotropic_noises/RWCP_type1_rir_cirline_e2b_imp030.wav,-6.096075884499757,2.373311940112433
186,/ocean/projects/cis220031p/mshah1/audio_robustness_benchmark//RIRS_NOISES/real_rirs_isotropic_noises/RWCP_type1_rir_circle_e1b_imp080.wav,-4.273163834681319,3.7651548317390344
187,/ocean/projects/cis220031p/mshah1/audio_robustness_benchmark//RIRS_NOISES/real_rirs_isotropic_noises/RWCP_type1_rir_cirline_ofc_imp130.wav,-6.344586836719316,3.1421771122833104
188,/ocean/projects/cis220031p/mshah1/audio_robustness_benchmark//RIRS_NOISES/real_rirs_isotropic_noises/air_type1_air_binaural_stairway_1_2_45.wav,-4.109109343733299,2.6190633341715386
189,/ocean/projects/cis220031p/mshah1/audio_robustness_benchmark//RIRS_NOISES/real_rirs_isotropic_noises/RWCP_type1_rir_circle_ane_imp280.wav,-4.667083971750378,8.58134153958487
190,/ocean/projects/cis220031p/mshah1/audio_robustness_benchmark//RIRS_NOISES/real_rirs_isotropic_noises/RWCP_type4_rir_p30l.wav,-4.292331093605499,8.059127746805807
191,/ocean/projects/cis220031p/mshah1/audio_robustness_benchmark//RIRS_NOISES/real_rirs_isotropic_noises/air_type1_air_phone_stairway1_hhp.wav,-5.026863326842901,1.4206892969842777
192,/ocean/projects/cis220031p/mshah1/audio_robustness_benchmark//RIRS_NOISES/real_rirs_isotropic_noises/RVB2014_type1_noise_smallroom1_8.wav,-0.6751692735615936,1.1939579939549434
193,/ocean/projects/cis220031p/mshah1/audio_robustness_benchmark//RIRS_NOISES/real_rirs_isotropic_noises/air_type1_air_binaural_meeting_1_3.wav,-4.130547712294363,4.4803541377512826
194,/ocean/projects/cis220031p/mshah1/audio_robustness_benchmark//RIRS_NOISES/real_rirs_isotropic_noises/RWCP_type1_rir_circle_e1b_imp070.wav,-4.430058942433038,3.1541174530992144
195,/ocean/projects/cis220031p/mshah1/audio_robustness_benchmark//RIRS_NOISES/real_rirs_isotropic_noises/RWCP_type1_rir_cirline_ofc_imp060.wav,-5.251996987339632,2.195931290933273
196,/ocean/projects/cis220031p/mshah1/audio_robustness_benchmark//RIRS_NOISES/real_rirs_isotropic_noises/air_type1_air_phone_lecture1_hhp.wav,-4.267037537979275,3.924857604054792
197,/ocean/projects/cis220031p/mshah1/audio_robustness_benchmark//RIRS_NOISES/real_rirs_isotropic_noises/RVB2014_type1_rir_mediumroom2_near_angla.wav,-1.7006189750939655,4.670743670312419
198,/ocean/projects/cis220031p/mshah1/audio_robustness_benchmark//RIRS_NOISES/real_rirs_isotropic_noises/RWCP_type4_rir_p10l.wav,-4.190301329720902,7.825853307345982
199,/ocean/projects/cis220031p/mshah1/audio_robustness_benchmark//RIRS_NOISES/real_rirs_isotropic_noises/RWCP_type2_rir_cirline_e2b_imp130.wav,-5.644790199733743,2.257187223850433
200,/ocean/projects/cis220031p/mshah1/audio_robustness_benchmark//RIRS_NOISES/real_rirs_isotropic_noises/RWCP_type1_rir_circle_e1b_imp110.wav,-4.612658156450641,3.942375019306202
201,/ocean/projects/cis220031p/mshah1/audio_robustness_benchmark//RIRS_NOISES/real_rirs_isotropic_noises/RWCP_type1_rir_cirline_ofc_imp050.wav,-5.383476305778795,3.2294339859512884
202,/ocean/projects/cis220031p/mshah1/audio_robustness_benchmark//RIRS_NOISES/real_rirs_isotropic_noises/RVB2014_type1_noise_mediumroom2_4.wav,-1.74765811330486,0.6380459975644424
203,/ocean/projects/cis220031p/mshah1/audio_robustness_benchmark//RIRS_NOISES/real_rirs_isotropic_noises/air_type1_air_binaural_stairway_1_3_60.wav,-4.280436161262622,2.7363668250495907
204,/ocean/projects/cis220031p/mshah1/audio_robustness_benchmark//RIRS_NOISES/real_rirs_isotropic_noises/RVB2014_type1_noise_smallroom2_9.wav,-0.7937851723869569,0.9096906986007111
205,/ocean/projects/cis220031p/mshah1/audio_robustness_benchmark//RIRS_NOISES/real_rirs_isotropic_noises/RWCP_type4_rir_p70l.wav,-4.331110324736043,5.846636776775926
206,/ocean/projects/cis220031p/mshah1/audio_robustness_benchmark//RIRS_NOISES/real_rirs_isotropic_noises/RVB2014_type1_rir_mediumroom2_far_anglb.wav,-3.025078240787159,3.0782642332104153
207,/ocean/projects/cis220031p/mshah1/audio_robustness_benchmark//RIRS_NOISES/real_rirs_isotropic_noises/air_type1_air_binaural_office_0_3.wav,-5.5760164570804704,2.386994933892938
208,/ocean/projects/cis220031p/mshah1/audio_robustness_benchmark//RIRS_NOISES/real_rirs_isotropic_noises/RVB2014_type1_rir_largeroom2_far_anglb.wav,-2.6827481218785008,2.208575798992658
209,/ocean/projects/cis220031p/mshah1/audio_robustness_benchmark//RIRS_NOISES/real_rirs_isotropic_noises/RWCP_type2_rir_cirline_e2a_imp130.wav,-6.771268972039991,6.489971902186253
210,/ocean/projects/cis220031p/mshah1/audio_robustness_benchmark//RIRS_NOISES/real_rirs_isotropic_noises/air_type1_air_binaural_stairway_1_3_150.wav,-4.057248746336038,2.122961940152343
211,/ocean/projects/cis220031p/mshah1/audio_robustness_benchmark//RIRS_NOISES/real_rirs_isotropic_noises/RVB2014_type1_noise_mediumroom2_1.wav,-1.8312922845206128,0.8579958689712142
212,/ocean/projects/cis220031p/mshah1/audio_robustness_benchmark//RIRS_NOISES/real_rirs_isotropic_noises/RWCP_type4_rir_m90r.wav,-4.417651946802556,6.145807973607775
213,/ocean/projects/cis220031p/mshah1/audio_robustness_benchmark//RIRS_NOISES/real_rirs_isotropic_noises/RVB2014_type1_noise_mediumroom1_3.wav,-0.30135387618005255,0.6950945395715769
214,/ocean/projects/cis220031p/mshah1/audio_robustness_benchmark//RIRS_NOISES/real_rirs_isotropic_noises/RWCP_type1_rir_cirline_jr2_imp100.wav,-5.154397057922351,2.8029830595253666
215,/ocean/projects/cis220031p/mshah1/audio_robustness_benchmark//RIRS_NOISES/real_rirs_isotropic_noises/RVB2014_type1_noise_smallroom2_10.wav,-0.7999264482998434,0.8035679510989371
216,/ocean/projects/cis220031p/mshah1/audio_robustness_benchmark//RIRS_NOISES/real_rirs_isotropic_noises/air_type1_air_binaural_meeting_0_4.wav,-4.108883491009981,3.9619705796533418
217,/ocean/projects/cis220031p/mshah1/audio_robustness_benchmark//RIRS_NOISES/real_rirs_isotropic_noises/RWCP_type2_rir_cirline_ane_imp110.wav,-7.181941057760996,9.603273313463076
218,/ocean/projects/cis220031p/mshah1/audio_robustness_benchmark//RIRS_NOISES/real_rirs_isotropic_noises/RWCP_type1_rir_circle_e1b_imp040.wav,-4.345695845274934,3.6943001143894754
219,/ocean/projects/cis220031p/mshah1/audio_robustness_benchmark//RIRS_NOISES/real_rirs_isotropic_noises/RWCP_type4_rir_000l.wav,-4.156403966602247,7.547207758494571
220,/ocean/projects/cis220031p/mshah1/audio_robustness_benchmark//RIRS_NOISES/real_rirs_isotropic_noises/RVB2014_type1_rir_largeroom1_far_angla.wav,-3.3541071219583074,2.284099806415727
221,/ocean/projects/cis220031p/mshah1/audio_robustness_benchmark//RIRS_NOISES/real_rirs_isotropic_noises/RVB2014_type1_noise_largeroom2_4.wav,-0.8888385229118704,0.5540190667003727
222,/ocean/projects/cis220031p/mshah1/audio_robustness_benchmark//RIRS_NOISES/real_rirs_isotropic_noises/air_type1_air_binaural_aula_carolina_1_7_90_3.wav,-4.612217308858053,0.9235059109670605
223,/ocean/projects/cis220031p/mshah1/audio_robustness_benchmark//RIRS_NOISES/real_rirs_isotropic_noises/RWCP_type1_rir_circle_e1b_imp010.wav,-4.43743532155939,4.025420096763253
224,/ocean/projects/cis220031p/mshah1/audio_robustness_benchmark//RIRS_NOISES/real_rirs_isotropic_noises/RWCP_type4_rir_m10l.wav,-4.357120994379424,8.485659380223412
225,/ocean/projects/cis220031p/mshah1/audio_robustness_benchmark//RIRS_NOISES/real_rirs_isotropic_noises/RWCP_type1_rir_circle_e1b_imp020.wav,-3.82387345431595,4.029294796412464
226,/ocean/projects/cis220031p/mshah1/audio_robustness_benchmark//RIRS_NOISES/real_rirs_isotropic_noises/RWCP_type1_rir_cirline_ofc_imp070.wav,-5.4557499299252905,2.6419226859110454
227,/ocean/projects/cis220031p/mshah1/audio_robustness_benchmark//RIRS_NOISES/real_rirs_isotropic_noises/RWCP_type1_rir_cirline_ofc_imp080.wav,-5.59328289948617,3.5859477811147173
228,/ocean/projects/cis220031p/mshah1/audio_robustness_benchmark//RIRS_NOISES/real_rirs_isotropic_noises/air_type1_air_binaural_stairway_1_1_60.wav,-4.525629996259909,2.1514529862160354
229,/ocean/projects/cis220031p/mshah1/audio_robustness_benchmark//RIRS_NOISES/real_rirs_isotropic_noises/RVB2014_type1_rir_mediumroom2_far_angla.wav,-2.8740421315638995,3.82190809331631
230,/ocean/projects/cis220031p/mshah1/audio_robustness_benchmark//RIRS_NOISES/real_rirs_isotropic_noises/RWCP_type2_rir_cirline_ane_imp090.wav,-6.693817847276155,8.156541755420218
231,/ocean/projects/cis220031p/mshah1/audio_robustness_benchmark//RIRS_NOISES/real_rirs_isotropic_noises/air_type1_air_binaural_booth_0_3.wav,-4.58976467539046,11.006813341910442
232,/ocean/projects/cis220031p/mshah1/audio_robustness_benchmark//RIRS_NOISES/real_rirs_isotropic_noises/RWCP_type1_rir_circle_ane_imp300.wav,-5.961797132312514,8.86483841624227
233,/ocean/projects/cis220031p/mshah1/audio_robustness_benchmark//RIRS_NOISES/real_rirs_isotropic_noises/RVB2014_type1_noise_smallroom2_6.wav,-0.707159934994597,1.3330608003208115
234,/ocean/projects/cis220031p/mshah1/audio_robustness_benchmark//RIRS_NOISES/real_rirs_isotropic_noises/RWCP_type1_rir_circle_ane_imp150.wav,-4.934532851820535,7.379550247028597
235,/ocean/projects/cis220031p/mshah1/audio_robustness_benchmark//RIRS_NOISES/real_rirs_isotropic_noises/RWCP_type2_rir_cirline_jr1_imp130.wav,-5.753133959947581,2.2354120782649596
236,/ocean/projects/cis220031p/mshah1/audio_robustness_benchmark//RIRS_NOISES/real_rirs_isotropic_noises/air_type1_air_binaural_lecture_1_2.wav,-4.336364565225767,2.7839951304143926
237,/ocean/projects/cis220031p/mshah1/audio_robustness_benchmark//RIRS_NOISES/real_rirs_isotropic_noises/RVB2014_type1_noise_largeroom1_3.wav,-0.44951738497631943,0.8162361870044251
238,/ocean/projects/cis220031p/mshah1/audio_robustness_benchmark//RIRS_NOISES/real_rirs_isotropic_noises/RWCP_type1_rir_cirline_jr2_imp070.wav,-6.283097037677633,2.917445177043279
239,/ocean/projects/cis220031p/mshah1/audio_robustness_benchmark//RIRS_NOISES/real_rirs_isotropic_noises/RWCP_type4_rir_m30r.wav,-4.575051434507561,6.760144608087653
240,/ocean/projects/cis220031p/mshah1/audio_robustness_benchmark//RIRS_NOISES/real_rirs_isotropic_noises/RWCP_type1_rir_circle_ane_imp240.wav,-4.923140312560694,8.712498836235962
241,/ocean/projects/cis220031p/mshah1/audio_robustness_benchmark//RIRS_NOISES/real_rirs_isotropic_noises/RVB2014_type1_noise_smallroom2_4.wav,-0.6905031818055597,0.9271177025852486
242,/ocean/projects/cis220031p/mshah1/audio_robustness_benchmark//RIRS_NOISES/real_rirs_isotropic_noises/RVB2014_type1_noise_mediumroom2_9.wav,-1.7679115079540524,0.6710794614478875
243,/ocean/projects/cis220031p/mshah1/audio_robustness_benchmark//RIRS_NOISES/real_rirs_isotropic_noises/RVB2014_type1_rir_smallroom1_far_angla.wav,-2.500570979962653,5.594068890495975
244,/ocean/projects/cis220031p/mshah1/audio_robustness_benchmark//RIRS_NOISES/real_rirs_isotropic_noises/RWCP_type2_rir_cirline_e2b_imp110.wav,-5.953267508965444,1.9409474466529728
245,/ocean/projects/cis220031p/mshah1/audio_robustness_benchmark//RIRS_NOISES/real_rirs_isotropic_noises/RWCP_type1_rir_circle_ane_imp180.wav,-4.294812873110751,7.161435189392078
246,/ocean/projects/cis220031p/mshah1/audio_robustness_benchmark//RIRS_NOISES/real_rirs_isotropic_noises/RWCP_type4_rir_m60r.wav,-4.517914383474676,6.527608503485026
247,/ocean/projects/cis220031p/mshah1/audio_robustness_benchmark//RIRS_NOISES/real_rirs_isotropic_noises/air_type1_air_binaural_office_0_2.wav,-6.005408115343168,3.0362295760239033
248,/ocean/projects/cis220031p/mshah1/audio_robustness_benchmark//RIRS_NOISES/real_rirs_isotropic_noises/RWCP_type1_rir_circle_ane_imp020.wav,-3.848901029156657,6.193689567311258
249,/ocean/projects/cis220031p/mshah1/audio_robustness_benchmark//RIRS_NOISES/real_rirs_isotropic_noises/RWCP_type1_rir_circle_ane_imp310.wav,-5.192264198833448,8.194187974698513
250,/ocean/projects/cis220031p/mshah1/audio_robustness_benchmark//RIRS_NOISES/real_rirs_isotropic_noises/RWCP_type1_rir_circle_e1b_imp060.wav,-4.6088760078570665,3.1068031986279374
251,/ocean/projects/cis220031p/mshah1/audio_robustness_benchmark//RIRS_NOISES/real_rirs_isotropic_noises/RWCP_type1_rir_circle_e1c_imp080.wav,-3.801362947564693,3.797151302434392
252,/ocean/projects/cis220031p/mshah1/audio_robustness_benchmark//RIRS_NOISES/real_rirs_isotropic_noises/air_type1_air_phone_corridor_hhp.wav,-4.151171273537857,1.1321807037144251
253,/ocean/projects/cis220031p/mshah1/audio_robustness_benchmark//RIRS_NOISES/real_rirs_isotropic_noises/RVB2014_type1_noise_smallroom2_5.wav,-0.7176770149674906,0.7810782458374135
254,/ocean/projects/cis220031p/mshah1/audio_robustness_benchmark//RIRS_NOISES/real_rirs_isotropic_noises/RWCP_type1_rir_circle_ane_imp330.wav,-2.622179518520691,7.056895844141891
255,/ocean/projects/cis220031p/mshah1/audio_robustness_benchmark//RIRS_NOISES/real_rirs_isotropic_noises/RWCP_type1_rir_circle_e1b_imp160.wav,-4.5205426331822,3.8708556945101265
256,/ocean/projects/cis220031p/mshah1/audio_robustness_benchmark//RIRS_NOISES/real_rirs_isotropic_noises/RWCP_type1_rir_circle_e1c_imp160.wav,-4.113944086683205,3.6441939783198274
257,/ocean/projects/cis220031p/mshah1/audio_robustness_benchmark//RIRS_NOISES/real_rirs_isotropic_noises/RWCP_type1_rir_cirline_e2a_imp050.wav,-6.2724155396087715,5.96933712460001
258,/ocean/projects/cis220031p/mshah1/audio_robustness_benchmark//RIRS_NOISES/real_rirs_isotropic_noises/RVB2014_type1_noise_mediumroom1_4.wav,-0.3256057881010058,0.7515108426039768
259,/ocean/projects/cis220031p/mshah1/audio_robustness_benchmark//RIRS_NOISES/real_rirs_isotropic_noises/air_type1_air_phone_meeting_hhp.wav,-3.2836126005554496,3.7638074849413488
260,/ocean/projects/cis220031p/mshah1/audio_robustness_benchmark//RIRS_NOISES/real_rirs_isotropic_noises/RWCP_type4_rir_p70r.wav,-4.190212478849302,6.6819010584525635
261,/ocean/projects/cis220031p/mshah1/audio_robustness_benchmark//RIRS_NOISES/real_rirs_isotropic_noises/RVB2014_type1_noise_largeroom2_7.wav,-0.6947606325374308,0.622866232562851
262,/ocean/projects/cis220031p/mshah1/audio_robustness_benchmark//RIRS_NOISES/real_rirs_isotropic_noises/RVB2014_type1_noise_largeroom2_2.wav,-0.6606047493216638,0.5971641342403238
263,/ocean/projects/cis220031p/mshah1/audio_robustness_benchmark//RIRS_NOISES/real_rirs_isotropic_noises/air_type1_air_binaural_aula_carolina_1_3_180_3.wav,-6.433992968250773,1.3677450564780667
264,/ocean/projects/cis220031p/mshah1/audio_robustness_benchmark//RIRS_NOISES/real_rirs_isotropic_noises/air_type1_air_binaural_stairway_1_3_135.wav,-3.4116303315428973,2.266771462999527
265,/ocean/projects/cis220031p/mshah1/audio_robustness_benchmark//RIRS_NOISES/real_rirs_isotropic_noises/air_type1_air_phone_stairway2_hfrp.wav,-3.8093324428034867,3.842068010802917
266,/ocean/projects/cis220031p/mshah1/audio_robustness_benchmark//RIRS_NOISES/real_rirs_isotropic_noises/air_type1_air_phone_office_hfrp.wav,-3.722076712297047,2.7712740302611363
267,/ocean/projects/cis220031p/mshah1/audio_robustness_benchmark//RIRS_NOISES/real_rirs_isotropic_noises/RVB2014_type1_noise_largeroom2_9.wav,-0.6705803252390005,0.6082623963584406
268,/ocean/projects/cis220031p/mshah1/audio_robustness_benchmark//RIRS_NOISES/real_rirs_isotropic_noises/RVB2014_type1_noise_mediumroom1_2.wav,-0.3559323233380557,0.7377128507600006
269,/ocean/projects/cis220031p/mshah1/audio_robustness_benchmark//RIRS_NOISES/real_rirs_isotropic_noises/RWCP_type2_rir_cirline_ane_imp130.wav,-6.809572860127595,9.261112848740883
270,/ocean/projects/cis220031p/mshah1/audio_robustness_benchmark//RIRS_NOISES/real_rirs_isotropic_noises/air_type1_air_phone_stairway_hfrp.wav,-4.510221226918301,3.050553321124134
271,/ocean/projects/cis220031p/mshah1/audio_robustness_benchmark//RIRS_NOISES/real_rirs_isotropic_noises/RVB2014_type1_noise_smallroom1_10.wav,-0.6248395431107692,1.098500795009446
272,/ocean/projects/cis220031p/mshah1/audio_robustness_benchmark//RIRS_NOISES/real_rirs_isotropic_noises/RVB2014_type1_noise_largeroom1_2.wav,-0.4548155332254115,0.7727289251392312
273,/ocean/projects/cis220031p/mshah1/audio_robustness_benchmark//RIRS_NOISES/real_rirs_isotropic_noises/air_type1_air_binaural_booth_1_1.wav,-3.2724882583472534,7.392742468756
274,/ocean/projects/cis220031p/mshah1/audio_robustness_benchmark//RIRS_NOISES/real_rirs_isotropic_noises/RVB2014_type1_noise_smallroom1_2.wav,-0.5829826473723642,0.9287177017155154
275,/ocean/projects/cis220031p/mshah1/audio_robustness_benchmark//RIRS_NOISES/real_rirs_isotropic_noises/RVB2014_type1_noise_largeroom1_6.wav,-0.4018737230070295,0.7967208098384908
276,/ocean/projects/cis220031p/mshah1/audio_robustness_benchmark//RIRS_NOISES/real_rirs_isotropic_noises/RWCP_type1_rir_circle_ane_imp140.wav,-5.134395938490328,7.938648418419386
277,/ocean/projects/cis220031p/mshah1/audio_robustness_benchmark//RIRS_NOISES/real_rirs_isotropic_noises/RWCP_type1_rir_circle_ane_imp200.wav,-4.626243712252514,6.486161568463203
278,/ocean/projects/cis220031p/mshah1/audio_robustness_benchmark//RIRS_NOISES/real_rirs_isotropic_noises/RWCP_type4_rir_p40l.wav,-4.35522563074038,6.785542635182443
279,/ocean/projects/cis220031p/mshah1/audio_robustness_benchmark//RIRS_NOISES/real_rirs_isotropic_noises/air_type1_air_binaural_stairway_1_1_90.wav,-4.98943320879981,3.0366738597924052
280,/ocean/projects/cis220031p/mshah1/audio_robustness_benchmark//RIRS_NOISES/real_rirs_isotropic_noises/RWCP_type1_rir_circle_ane_imp340.wav,-4.22412473207488,7.0380679829567905
281,/ocean/projects/cis220031p/mshah1/audio_robustness_benchmark//RIRS_NOISES/real_rirs_isotropic_noises/RWCP_type1_rir_circle_e1b_imp030.wav,-3.67626894363372,3.1942889835845105
282,/ocean/projects/cis220031p/mshah1/audio_robustness_benchmark//RIRS_NOISES/real_rirs_isotropic_noises/air_type1_air_phone_lecture1_hfrp.wav,-3.6227771450920385,3.973645561124143
283,/ocean/projects/cis220031p/mshah1/audio_robustness_benchmark//RIRS_NOISES/real_rirs_isotropic_noises/air_type1_air_binaural_stairway_1_1_180.wav,-4.682666820429949,2.3671054265397165
284,/ocean/projects/cis220031p/mshah1/audio_robustness_benchmark//RIRS_NOISES/real_rirs_isotropic_noises/RVB2014_type1_noise_largeroom1_9.wav,-0.5114171523093582,1.093427889103917
285,/ocean/projects/cis220031p/mshah1/audio_robustness_benchmark//RIRS_NOISES/real_rirs_isotropic_noises/RWCP_type1_rir_cirline_e2b_imp070.wav,-6.073440967234488,2.046580529379231
286,/ocean/projects/cis220031p/mshah1/audio_robustness_benchmark//RIRS_NOISES/real_rirs_isotropic_noises/air_type1_air_binaural_meeting_1_2.wav,-4.39683271905821,4.738091015399521
287,/ocean/projects/cis220031p/mshah1/audio_robustness_benchmark//RIRS_NOISES/real_rirs_isotropic_noises/RVB2014_type1_noise_largeroom1_4.wav,-0.44133499564871076,0.754094155407901
288,/ocean/projects/cis220031p/mshah1/audio_robustness_benchmark//RIRS_NOISES/real_rirs_isotropic_noises/air_type1_air_binaural_stairway_1_2_60.wav,-3.519202359345266,2.770958526588315
289,/ocean/projects/cis220031p/mshah1/audio_robustness_benchmark//RIRS_NOISES/real_rirs_isotropic_noises/RWCP_type5_noise_cirline_ofc_ambient2.wav,-1.2048665545560344,0.4784831279883643
290,/ocean/projects/cis220031p/mshah1/audio_robustness_benchmark//RIRS_NOISES/real_rirs_isotropic_noises/RWCP_type1_rir_cirline_e2a_imp010.wav,-6.949060759098927,5.419979633683209
291,/ocean/projects/cis220031p/mshah1/audio_robustness_benchmark//RIRS_NOISES/real_rirs_isotropic_noises/RWCP_type1_rir_cirline_e2b_imp130.wav,-5.624451790940253,3.235048928054974
292,/ocean/projects/cis220031p/mshah1/audio_robustness_benchmark//RIRS_NOISES/real_rirs_isotropic_noises/air_type1_air_binaural_stairway_1_2_165.wav,-4.822562095241288,2.693540933716098
293,/ocean/projects/cis220031p/mshah1/audio_robustness_benchmark//RIRS_NOISES/real_rirs_isotropic_noises/air_type1_air_binaural_meeting_1_4.wav,-4.856289559383472,4.813714697044678
294,/ocean/projects/cis220031p/mshah1/audio_robustness_benchmark//RIRS_NOISES/real_rirs_isotropic_noises/RWCP_type4_rir_m90l.wav,-3.9670836398161433,5.576992165585068
295,/ocean/projects/cis220031p/mshah1/audio_robustness_benchmark//RIRS_NOISES/real_rirs_isotropic_noises/RVB2014_type1_rir_largeroom2_near_anglb.wav,-2.1636610562732184,4.701465847948406
296,/ocean/projects/cis220031p/mshah1/audio_robustness_benchmark//RIRS_NOISES/real_rirs_isotropic_noises/RVB2014_type1_noise_smallroom2_3.wav,-0.7628220530779053,0.990870797341099
297,/ocean/projects/cis220031p/mshah1/audio_robustness_benchmark//RIRS_NOISES/real_rirs_isotropic_noises/RWCP_type1_rir_cirline_ofc_imp120.wav,-5.824054127159062,2.141183045236363
298,/ocean/projects/cis220031p/mshah1/audio_robustness_benchmark//RIRS_NOISES/real_rirs_isotropic_noises/RWCP_type1_rir_circle_ane_imp120.wav,-4.024039012018735,8.950693970240767
299,/ocean/projects/cis220031p/mshah1/audio_robustness_benchmark//RIRS_NOISES/real_rirs_isotropic_noises/air_type1_air_binaural_stairway_1_3_120.wav,-4.061886556679061,2.4579875826909805
300,/ocean/projects/cis220031p/mshah1/audio_robustness_benchmark//RIRS_NOISES/real_rirs_isotropic_noises/RWCP_type4_rir_m30l.wav,-4.196420603314307,8.211162754971824
301,/ocean/projects/cis220031p/mshah1/audio_robustness_benchmark//RIRS_NOISES/real_rirs_isotropic_noises/air_type1_air_binaural_aula_carolina_1_2_90_3.wav,-4.095075296981496,1.1892573864068894
302,/ocean/projects/cis220031p/mshah1/audio_robustness_benchmark//RIRS_NOISES/real_rirs_isotropic_noises/RWCP_type1_rir_circle_e1c_imp150.wav,-4.096979945829445,5.2186155372886
303,/ocean/projects/cis220031p/mshah1/audio_robustness_benchmark//RIRS_NOISES/real_rirs_isotropic_noises/RWCP_type1_rir_cirline_e2b_imp010.wav,-5.777195282730679,2.146570768924493
304,/ocean/projects/cis220031p/mshah1/audio_robustness_benchmark//RIRS_NOISES/real_rirs_isotropic_noises/air_type1_air_phone_lecture_hfrp.wav,-4.027633979774484,2.23366180479721
305,/ocean/projects/cis220031p/mshah1/audio_robustness_benchmark//RIRS_NOISES/real_rirs_isotropic_noises/RWCP_type1_rir_circle_e1c_imp000.wav,-4.28150227939959,3.7377969258580417
306,/ocean/projects/cis220031p/mshah1/audio_robustness_benchmark//RIRS_NOISES/real_rirs_isotropic_noises/RWCP_type1_rir_circle_ane_imp220.wav,-3.906361406806713,6.164922834398345
307,/ocean/projects/cis220031p/mshah1/audio_robustness_benchmark//RIRS_NOISES/real_rirs_isotropic_noises/RWCP_type1_rir_cirline_e2b_imp170.wav,-5.765353931404052,2.345716184688567
308,/ocean/projects/cis220031p/mshah1/audio_robustness_benchmark//RIRS_NOISES/real_rirs_isotropic_noises/RWCP_type1_rir_cirline_jr2_imp080.wav,-5.53563970079384,2.471056323972181
309,/ocean/projects/cis220031p/mshah1/audio_robustness_benchmark//RIRS_NOISES/real_rirs_isotropic_noises/RVB2014_type1_noise_largeroom2_6.wav,-0.9012315807583453,0.599586772536136
310,/ocean/projects/cis220031p/mshah1/audio_robustness_benchmark//RIRS_NOISES/real_rirs_isotropic_noises/RWCP_type1_rir_circle_ane_imp060.wav,-4.06696862613717,8.686518608511461
311,/ocean/projects/cis220031p/mshah1/audio_robustness_benchmark//RIRS_NOISES/real_rirs_isotropic_noises/RWCP_type1_rir_cirline_ofc_imp110.wav,-5.284693226278584,2.2045929588361393
312,/ocean/projects/cis220031p/mshah1/audio_robustness_benchmark//RIRS_NOISES/real_rirs_isotropic_noises/RWCP_type1_rir_circle_ane_imp350.wav,-3.623074123598388,8.513031717353753
313,/ocean/projects/cis220031p/mshah1/audio_robustness_benchmark//RIRS_NOISES/real_rirs_isotropic_noises/RWCP_type1_rir_circle_e1b_imp100.wav,-4.6053898493553636,3.6062758165659865
314,/ocean/projects/cis220031p/mshah1/audio_robustness_benchmark//RIRS_NOISES/real_rirs_isotropic_noises/RVB2014_type1_noise_mediumroom1_8.wav,-0.33572091543789073,0.6546255087113836
315,/ocean/projects/cis220031p/mshah1/audio_robustness_benchmark//RIRS_NOISES/real_rirs_isotropic_noises/air_type1_air_binaural_stairway_1_2_30.wav,-3.769170186544197,1.987766612265476
316,/ocean/projects/cis220031p/mshah1/audio_robustness_benchmark//RIRS_NOISES/real_rirs_isotropic_noises/air_type1_air_binaural_stairway_1_1_0.wav,-4.352462631962289,1.8652430532426436
317,/ocean/projects/cis220031p/mshah1/audio_robustness_benchmark//RIRS_NOISES/real_rirs_isotropic_noises/RWCP_type1_rir_circle_e1c_imp180.wav,-4.010416859459648,3.344378529464848
318,/ocean/projects/cis220031p/mshah1/audio_robustness_benchmark//RIRS_NOISES/real_rirs_isotropic_noises/air_type1_air_binaural_stairway_1_1_135.wav,-4.434897962291215,2.0885959941249634
319,/ocean/projects/cis220031p/mshah1/audio_robustness_benchmark//RIRS_NOISES/real_rirs_isotropic_noises/RVB2014_type1_rir_mediumroom1_near_anglb.wav,-2.0057990972535533,4.8687658469917805
320,/ocean/projects/cis220031p/mshah1/audio_robustness_benchmark//RIRS_NOISES/real_rirs_isotropic_noises/air_type1_air_phone_lecture_hhp.wav,-3.11747759346905,4.756888106276293
321,/ocean/projects/cis220031p/mshah1/audio_robustness_benchmark//RIRS_NOISES/real_rirs_isotropic_noises/air_type1_air_binaural_meeting_0_5.wav,-4.631990937093937,4.476996056134007
322,/ocean/projects/cis220031p/mshah1/audio_robustness_benchmark//RIRS_NOISES/real_rirs_isotropic_noises/RWCP_type4_rir_m50l.wav,-4.175671048287236,6.722868766835425
323,/ocean/projects/cis220031p/mshah1/audio_robustness_benchmark//RIRS_NOISES/real_rirs_isotropic_noises/air_type1_air_binaural_aula_carolina_1_3_90_3.wav,-4.7013479132311105,1.2588434854800847
324,/ocean/projects/cis220031p/mshah1/audio_robustness_benchmark//RIRS_NOISES/real_rirs_isotropic_noises/air_type1_air_binaural_stairway_1_2_15.wav,-3.859609570923645,2.16065223739921
325,/ocean/projects/cis220031p/mshah1/audio_robustness_benchmark//RIRS_NOISES/real_rirs_isotropic_noises/RWCP_type1_rir_circle_e1c_imp070.wav,-3.955919408763384,3.0483802017162684
326,/ocean/projects/cis220031p/mshah1/audio_robustness_benchmark//RIRS_NOISES/real_rirs_isotropic_noises/RWCP_type1_rir_cirline_e2b_imp090.wav,-5.977570784688064,2.1475798500666343
327,/ocean/projects/cis220031p/mshah1/audio_robustness_benchmark//RIRS_NOISES/real_rirs_isotropic_noises/air_type1_air_binaural_lecture_1_6.wav,-3.916426873885892,2.284226922974074
328,/ocean/projects/cis220031p/mshah1/audio_robustness_benchmark//RIRS_NOISES/real_rirs_isotropic_noises/RWCP_type1_rir_circle_ane_imp210.wav,-3.0144942221482807,6.1078059213974205
329,/ocean/projects/cis220031p/mshah1/audio_robustness_benchmark//RIRS_NOISES/real_rirs_isotropic_noises/RVB2014_type1_noise_largeroom2_3.wav,-0.8269889365177141,0.5969714218611937
330,/ocean/projects/cis220031p/mshah1/audio_robustness_benchmark//RIRS_NOISES/real_rirs_isotropic_noises/RVB2014_type1_noise_mediumroom1_6.wav,-0.3638622211207862,0.6676443971149704
331,/ocean/projects/cis220031p/mshah1/audio_robustness_benchmark//RIRS_NOISES/real_rirs_isotropic_noises/RWCP_type1_rir_circle_e1c_imp170.wav,-4.35751019879091,3.6819719321091964
332,/ocean/projects/cis220031p/mshah1/audio_robustness_benchmark//RIRS_NOISES/real_rirs_isotropic_noises/RWCP_type1_rir_cirline_jr1_imp130.wav,-6.196900309276963,3.112762664563307
333,/ocean/projects/cis220031p/mshah1/audio_robustness_benchmark//RIRS_NOISES/real_rirs_isotropic_noises/RWCP_type1_rir_circle_ane_imp100.wav,-4.099802271444747,8.41151652117996
334,/ocean/projects/cis220031p/mshah1/audio_robustness_benchmark//RIRS_NOISES/real_rirs_isotropic_noises/RWCP_type1_rir_circle_ane_imp010.wav,-4.630726176218687,5.990290782934828
335,/ocean/projects/cis220031p/mshah1/audio_robustness_benchmark//RIRS_NOISES/real_rirs_isotropic_noises/air_type1_air_binaural_stairway_1_1_75.wav,-4.320870238741731,2.0309033501541154
336,/ocean/projects/cis220031p/mshah1/audio_robustness_benchmark//RIRS_NOISES/real_rirs_isotropic_noises/RWCP_type1_rir_cirline_e2b_imp110.wav,-5.889160856705391,2.2809203837136387
337,/ocean/projects/cis220031p/mshah1/audio_robustness_benchmark//RIRS_NOISES/real_rirs_isotropic_noises/air_type1_air_phone_stairway1_hfrp.wav,-4.5004057921190554,1.4839762474037845
338,/ocean/projects/cis220031p/mshah1/audio_robustness_benchmark//RIRS_NOISES/real_rirs_isotropic_noises/RWCP_type4_rir_m80l.wav,-4.673102247956693,6.1695422533726765
339,/ocean/projects/cis220031p/mshah1/audio_robustness_benchmark//RIRS_NOISES/real_rirs_isotropic_noises/air_type1_air_binaural_meeting_0_3.wav,-4.062566076477046,4.427818186209673
340,/ocean/projects/cis220031p/mshah1/audio_robustness_benchmark//RIRS_NOISES/real_rirs_isotropic_noises/RWCP_type1_rir_cirline_e2a_imp130.wav,-6.8838945971341134,7.620710741692748
341,/ocean/projects/cis220031p/mshah1/audio_robustness_benchmark//RIRS_NOISES/real_rirs_isotropic_noises/RWCP_type1_rir_circle_e1b_imp130.wav,-4.324892227338754,3.0688308988273483
342,/ocean/projects/cis220031p/mshah1/audio_robustness_benchmark//RIRS_NOISES/real_rirs_isotropic_noises/RWCP_type2_rir_cirline_ofc_imp110.wav,-6.386246066195749,3.6865032078407176
343,/ocean/projects/cis220031p/mshah1/audio_robustness_benchmark//RIRS_NOISES/real_rirs_isotropic_noises/RWCP_type2_rir_cirline_e2b_imp050.wav,-6.202802403338674,2.0352562040514206
344,/ocean/projects/cis220031p/mshah1/audio_robustness_benchmark//RIRS_NOISES/real_rirs_isotropic_noises/air_type1_air_binaural_office_1_2.wav,-6.1220053168602515,2.781818690661552
345,/ocean/projects/cis220031p/mshah1/audio_robustness_benchmark//RIRS_NOISES/real_rirs_isotropic_noises/RWCP_type1_rir_cirline_jr1_imp100.wav,-6.147666642059179,3.248637392054882
346,/ocean/projects/cis220031p/mshah1/audio_robustness_benchmark//RIRS_NOISES/real_rirs_isotropic_noises/RVB2014_type1_noise_mediumroom2_5.wav,-1.7986700603772785,0.7156904654737741
347,/ocean/projects/cis220031p/mshah1/audio_robustness_benchmark//RIRS_NOISES/real_rirs_isotropic_noises/RWCP_type4_rir_p80l.wav,-4.294152677329584,6.683533456231031
348,/ocean/projects/cis220031p/mshah1/audio_robustness_benchmark//RIRS_NOISES/real_rirs_isotropic_noises/RVB2014_type1_rir_largeroom2_far_angla.wav,-2.760257122824407,2.4000303033388874
349,/ocean/projects/cis220031p/mshah1/audio_robustness_benchmark//RIRS_NOISES/real_rirs_isotropic_noises/air_type1_air_binaural_stairway_1_3_45.wav,-4.361948902909276,2.2179680711468546
350,/ocean/projects/cis220031p/mshah1/audio_robustness_benchmark//RIRS_NOISES/real_rirs_isotropic_noises/RWCP_type1_rir_circle_e1b_imp090.wav,-5.3830474800007675,4.0680408522631035
351,/ocean/projects/cis220031p/mshah1/audio_robustness_benchmark//RIRS_NOISES/real_rirs_isotropic_noises/RWCP_type2_rir_cirline_jr1_imp050.wav,-5.580340394596293,1.8438381769296068
352,/ocean/projects/cis220031p/mshah1/audio_robustness_benchmark//RIRS_NOISES/real_rirs_isotropic_noises/air_type1_air_binaural_lecture_0_4.wav,-4.196796246254526,1.9082644445959236
353,/ocean/projects/cis220031p/mshah1/audio_robustness_benchmark//RIRS_NOISES/real_rirs_isotropic_noises/RWCP_type5_noise_cirline_ofc_ambient1.wav,-1.08176183026822,0.4806462161470224
354,/ocean/projects/cis220031p/mshah1/audio_robustness_benchmark//RIRS_NOISES/real_rirs_isotropic_noises/RWCP_type1_rir_cirline_e2a_imp070.wav,-6.2265367382474315,6.453411701700239
355,/ocean/projects/cis220031p/mshah1/audio_robustness_benchmark//RIRS_NOISES/real_rirs_isotropic_noises/RWCP_type1_rir_cirline_jr1_imp050.wav,-5.71654628938558,2.3603754546380626
356,/ocean/projects/cis220031p/mshah1/audio_robustness_benchmark//RIRS_NOISES/real_rirs_isotropic_noises/air_type1_air_binaural_lecture_0_5.wav,-4.3195057292883625,2.3763694448061106
357,/ocean/projects/cis220031p/mshah1/audio_robustness_benchmark//RIRS_NOISES/real_rirs_isotropic_noises/RVB2014_type1_noise_mediumroom1_9.wav,-0.42772391958927647,0.752699695947287
358,/ocean/projects/cis220031p/mshah1/audio_robustness_benchmark//RIRS_NOISES/real_rirs_isotropic_noises/air_type1_air_binaural_meeting_1_5.wav,-4.7354864120190365,3.8173226959377304
359,/ocean/projects/cis220031p/mshah1/audio_robustness_benchmark//RIRS_NOISES/real_rirs_isotropic_noises/RWCP_type4_rir_p50l.wav,-4.52987764955695,6.327707012863419
360,/ocean/projects/cis220031p/mshah1/audio_robustness_benchmark//RIRS_NOISES/real_rirs_isotropic_noises/RWCP_type1_rir_circle_ane_imp190.wav,-4.104302440068166,6.169610548006166
361,/ocean/projects/cis220031p/mshah1/audio_robustness_benchmark//RIRS_NOISES/real_rirs_isotropic_noises/RWCP_type1_rir_circle_ane_imp160.wav,-4.276325474775636,7.664695253877186
362,/ocean/projects/cis220031p/mshah1/audio_robustness_benchmark//RIRS_NOISES/real_rirs_isotropic_noises/air_type1_air_binaural_stairway_1_3_90.wav,-4.1355549187519,2.399247977444408
363,/ocean/projects/cis220031p/mshah1/audio_robustness_benchmark//RIRS_NOISES/real_rirs_isotropic_noises/RVB2014_type1_noise_mediumroom1_10.wav,-0.44026657991321966,0.7586279177805233
364,/ocean/projects/cis220031p/mshah1/audio_robustness_benchmark//RIRS_NOISES/real_rirs_isotropic_noises/RWCP_type3_rir_cirline_ofc_imp_rev.wav,-6.4892897138285335,2.7697830541617385
365,/ocean/projects/cis220031p/mshah1/audio_robustness_benchmark//RIRS_NOISES/real_rirs_isotropic_noises/RWCP_type1_rir_cirline_e2b_imp050.wav,-5.632838444976458,2.3709497847339374
366,/ocean/projects/cis220031p/mshah1/audio_robustness_benchmark//RIRS_NOISES/real_rirs_isotropic_noises/RWCP_type1_rir_circle_ane_imp170.wav,-3.846960418151151,8.110366809541654
367,/ocean/projects/cis220031p/mshah1/audio_robustness_benchmark//RIRS_NOISES/real_rirs_isotropic_noises/air_type1_air_phone_bt_stairway_hhp.wav,-3.4481470249288413,1.3441049954640423
368,/ocean/projects/cis220031p/mshah1/audio_robustness_benchmark//RIRS_NOISES/real_rirs_isotropic_noises/air_type1_air_binaural_lecture_1_3.wav,-4.074979231204557,2.10257065975034
369,/ocean/projects/cis220031p/mshah1/audio_robustness_benchmark//RIRS_NOISES/real_rirs_isotropic_noises/RWCP_type4_rir_m70r.wav,-4.124812787763895,6.050777833340097
370,/ocean/projects/cis220031p/mshah1/audio_robustness_benchmark//RIRS_NOISES/real_rirs_isotropic_noises/RWCP_type1_rir_cirline_e2a_imp150.wav,-6.663179233721825,6.74354714353809
371,/ocean/projects/cis220031p/mshah1/audio_robustness_benchmark//RIRS_NOISES/real_rirs_isotropic_noises/RVB2014_type1_rir_mediumroom1_near_angla.wav,-2.1580680236059613,4.903037239990544
372,/ocean/projects/cis220031p/mshah1/audio_robustness_benchmark//RIRS_NOISES/real_rirs_isotropic_noises/air_type1_air_binaural_stairway_1_3_30.wav,-4.730166332725219,2.665538274253518
373,/ocean/projects/cis220031p/mshah1/audio_robustness_benchmark//RIRS_NOISES/real_rirs_isotropic_noises/RWCP_type1_rir_circle_e1b_imp140.wav,-4.288853197560713,3.1002818702692294
374,/ocean/projects/cis220031p/mshah1/audio_robustness_benchmark//RIRS_NOISES/real_rirs_isotropic_noises/RVB2014_type1_rir_mediumroom1_far_angla.wav,-3.0309243449663352,3.29299860434375
