dataset,augmentation,severity,metric,metric_value,runid
tedlium-release3_test,real_rir,3,DNSMOS,2.9388477161904762,0
tedlium-release3_test,slowdown,1,DNSMOS,3.484381464329004,0
tedlium-release3_test,resample,2,DNSMOS,3.0173899814718617,0
tedlium-release3_test,rir,4,DNSMOS,2.730915070909091,0
tedlium-release3_test,rir,2,DNSMOS,2.896219173939394,0
tedlium-release3_test,pitch_up,2,DNSMOS,3.1918905022510824,0
tedlium-release3_test,lowpass,4,DNSMOS,2.4813678082251083,0
tedlium-release3_test,treble,4,DNSMOS,2.786791169090909,0
tedlium-release3_test,env_noise,2,DNSMOS,3.220578052554113,0
tedlium-release3_test,env_noise_esc50,2,DNSMOS,3.001796863116883,0
tedlium-release3_test,treble,3,DNSMOS,3.025042953160173,0
tedlium-release3_test,gain,3,DNSMOS,2.442893837229437,0
tedlium-release3_test,music,1,DNSMOS,3.3985604220779226,0
tedlium-release3_test,treble,2,DNSMOS,3.206388209004329,0
tedlium-release3_test,music,4,DNSMOS,2.7062898559307356,0
tedlium-release3_test,chorus,3,DNSMOS,3.0155603478787882,0
tedlium-release3_test,tempo_down,1,DNSMOS,3.443010628225108,0
tedlium-release3_test,highpass,4,DNSMOS,2.515298214632035,0
tedlium-release3_test,None,0,DNSMOS,3.4689911985281388,0
tedlium-release3_test,phaser,3,DNSMOS,2.8516256564502163,0
tedlium-release3_test,gnoise,1,DNSMOS,2.540951094025974,0
tedlium-release3_test,slowdown,2,DNSMOS,3.31981666978355,0
tedlium-release3_test,music,3,DNSMOS,2.914335548831169,0
tedlium-release3_test,gnoise,3,DNSMOS,2.241500178095238,0
tedlium-release3_test,env_noise_musan,4,DNSMOS,2.743091573766234,0
tedlium-release3_test,rir,3,DNSMOS,2.7609998754112555,0
tedlium-release3_test,slowdown,4,DNSMOS,2.8864023293506493,0
tedlium-release3_test,tremolo,2,DNSMOS,3.1541439111688314,0
tedlium-release3_test,env_noise_wham,1,DNSMOS,3.4092786092640694,0
tedlium-release3_test,resample,1,DNSMOS,3.3930094003463203,0
tedlium-release3_test,tremolo,4,DNSMOS,2.1294866012121214,0
tedlium-release3_test,phaser,1,DNSMOS,3.3894405104761907,0
tedlium-release3_test,gain,1,DNSMOS,2.82622058025974,0
tedlium-release3_test,tempo_down,3,DNSMOS,3.2624879046753246,0
tedlium-release3_test,env_noise_wham,4,DNSMOS,2.3325230959307355,0
tedlium-release3_test,bass,2,DNSMOS,3.435970912121212,0
tedlium-release3_test,env_noise_musan,3,DNSMOS,2.967172131861472,0
tedlium-release3_test,echo,1,DNSMOS,3.122424803116883,0
tedlium-release3_test,echo,3,DNSMOS,3.160753123030303,0
tedlium-release3_test,tremolo,3,DNSMOS,2.645495902164502,0
tedlium-release3_test,phaser,4,DNSMOS,2.676515029004329,0
tedlium-release3_test,crosstalk,3,DNSMOS,3.1956926844155844,0
tedlium-release3_test,env_noise_esc50,3,DNSMOS,2.9290204838095235,0
tedlium-release3_test,pitch_up,3,DNSMOS,3.0987370053679655,0
tedlium-release3_test,env_noise,3,DNSMOS,2.918035802251082,0
tedlium-release3_test,env_noise,4,DNSMOS,2.63253974,0
tedlium-release3_test,env_noise,1,DNSMOS,3.392134208138528,0
tedlium-release3_test,pitch_down,2,DNSMOS,3.1606520363636363,0
tedlium-release3_test,chorus,1,DNSMOS,3.240613446233766,0
tedlium-release3_test,bass,4,DNSMOS,2.909907813246753,0
tedlium-release3_test,slowdown,3,DNSMOS,3.200731147532468,0
tedlium-release3_test,pitch_down,4,DNSMOS,2.7023760612121213,0
tedlium-release3_test,lowpass,2,DNSMOS,3.0771329340259737,0
tedlium-release3_test,highpass,3,DNSMOS,2.755817660865801,0
tedlium-release3_test,speedup,2,DNSMOS,3.238077812640693,0
tedlium-release3_test,crosstalk,2,DNSMOS,3.277065878095238,0
tedlium-release3_test,env_noise_musan,1,DNSMOS,3.3670476957575755,0
tedlium-release3_test,lowpass,3,DNSMOS,2.8918903204329003,0
tedlium-release3_test,voice_conversion_vctk,1,DNSMOS,3.7527227651082256,0
tedlium-release3_test,speedup,3,DNSMOS,3.0562619629437227,0
tedlium-release3_test,lowpass,1,DNSMOS,3.0870563893506495,0
tedlium-release3_test,env_noise_esc50,1,DNSMOS,3.10875874987013,0
tedlium-release3_test,pitch_up,4,DNSMOS,3.0564311612121213,0
tedlium-release3_test,echo,4,DNSMOS,3.182468218181818,0
tedlium-release3_test,echo,2,DNSMOS,3.1651603574891776,0
tedlium-release3_test,real_rir,4,DNSMOS,2.5592199527272723,0
tedlium-release3_test,tempo_up,4,DNSMOS,2.9341809615584418,0
tedlium-release3_test,env_noise_wham,2,DNSMOS,3.172777366839827,0
tedlium-release3_test,env_noise_esc50,4,DNSMOS,2.6727280213852813,0
tedlium-release3_test,treble,1,DNSMOS,3.390362035930736,0
tedlium-release3_test,rir,1,DNSMOS,3.1269368025108224,0
tedlium-release3_test,gnoise,2,DNSMOS,2.374745888658009,0
tedlium-release3_test,highpass,2,DNSMOS,3.061242642251082,0
tedlium-release3_test,tempo_down,2,DNSMOS,3.388689946839827,0
tedlium-release3_test,chorus,2,DNSMOS,3.107040877575758,0
tedlium-release3_test,chorus,4,DNSMOS,3.00821371991342,0
tedlium-release3_test,gnoise,4,DNSMOS,2.069662293939394,0
tedlium-release3_test,real_rir,1,DNSMOS,3.3102473090909093,0
tedlium-release3_test,bass,3,DNSMOS,3.247086677922078,0
tedlium-release3_test,bass,1,DNSMOS,3.4595575052813854,0
tedlium-release3_test,gain,2,DNSMOS,2.5713970940259743,0
tedlium-release3_test,music,2,DNSMOS,3.198686248484848,0
tedlium-release3_test,pitch_down,1,DNSMOS,3.1887148324675327,0
tedlium-release3_test,pitch_up,1,DNSMOS,3.297974600779221,0
tedlium-release3_test,resample,4,DNSMOS,2.75910613012987,0
tedlium-release3_test,crosstalk,1,DNSMOS,3.410694258095238,0
tedlium-release3_test,tempo_up,2,DNSMOS,3.2338672937662336,0
tedlium-release3_test,real_rir,2,DNSMOS,3.166737694112554,0
tedlium-release3_test,crosstalk,4,DNSMOS,3.181023446666667,0
tedlium-release3_test,phaser,2,DNSMOS,3.178288195064935,0
tedlium-release3_test,gain,4,DNSMOS,2.3642310184415587,0
tedlium-release3_test,env_noise_wham,3,DNSMOS,2.7713226063203464,0
tedlium-release3_test,tempo_up,1,DNSMOS,3.3800892064069266,0
tedlium-release3_test,speedup,4,DNSMOS,2.895344623290043,0
tedlium-release3_test,tempo_up,3,DNSMOS,3.0872867155844155,0
tedlium-release3_test,tremolo,1,DNSMOS,3.371434065454545,0
tedlium-release3_test,speedup,1,DNSMOS,3.4365409378354976,0
tedlium-release3_test,tempo_down,4,DNSMOS,3.1157782064069264,0
tedlium-release3_test,resample,3,DNSMOS,2.893648732121212,0
tedlium-release3_test,highpass,1,DNSMOS,3.23322911965368,0
tedlium-release3_test,env_noise_musan,2,DNSMOS,3.2083270615584416,0
tedlium-release3_test,pitch_down,3,DNSMOS,2.9300900103896104,0
multilingual_librispeech-spanish_test,slowdown,1,DNSMOS,3.844770771069183,0
multilingual_librispeech-spanish_test,resample,2,DNSMOS,3.632268248301887,0
multilingual_librispeech-spanish_test,rir,4,DNSMOS,3.3182145411320754,0
multilingual_librispeech-spanish_test,rir,2,DNSMOS,3.3298967094758907,0
multilingual_librispeech-spanish_test,pitch_up,2,DNSMOS,3.5118253723689725,0
multilingual_librispeech-spanish_test,lowpass,4,DNSMOS,2.4646151999580717,0
multilingual_librispeech-spanish_test,treble,4,DNSMOS,3.239236633249476,0
multilingual_librispeech-spanish_test,env_noise,2,DNSMOS,3.058377197442348,0
multilingual_librispeech-spanish_test,env_noise_esc50,2,DNSMOS,3.7038795597484273,0
multilingual_librispeech-spanish_test,treble,3,DNSMOS,3.537027541090147,0
multilingual_librispeech-spanish_test,gain,3,DNSMOS,2.970345301509434,0
multilingual_librispeech-spanish_test,music,1,DNSMOS,3.7274731974004194,0
multilingual_librispeech-spanish_test,treble,2,DNSMOS,3.7551788396645702,0
multilingual_librispeech-spanish_test,music,4,DNSMOS,2.811161818658281,0
multilingual_librispeech-spanish_test,chorus,3,DNSMOS,3.416398472159329,0
multilingual_librispeech-spanish_test,tempo_down,1,DNSMOS,3.8666579686792457,0
multilingual_librispeech-spanish_test,highpass,4,DNSMOS,2.8047494206708596,0
multilingual_librispeech-spanish_test,phaser,3,DNSMOS,3.2241024293501046,0
multilingual_librispeech-spanish_test,gnoise,1,DNSMOS,3.478802528888889,0
multilingual_librispeech-spanish_test,slowdown,2,DNSMOS,3.6291491279245287,0
multilingual_librispeech-spanish_test,music,3,DNSMOS,3.06112899278826,0
multilingual_librispeech-spanish_test,gnoise,3,DNSMOS,2.6122635596645702,0
multilingual_librispeech-spanish_test,env_noise_musan,4,DNSMOS,2.9572072890985326,0
multilingual_librispeech-spanish_test,rir,3,DNSMOS,3.2638522146331237,0
multilingual_librispeech-spanish_test,slowdown,4,DNSMOS,2.9843830906498954,0
multilingual_librispeech-spanish_test,tremolo,2,DNSMOS,3.5767250309853247,0
multilingual_librispeech-spanish_test,env_noise_wham,1,DNSMOS,3.807889863647798,0
multilingual_librispeech-spanish_test,resample,1,DNSMOS,3.761360027631027,0
multilingual_librispeech-spanish_test,tremolo,4,DNSMOS,2.298017092243186,0
multilingual_librispeech-spanish_test,phaser,1,DNSMOS,3.8408698827672954,0
multilingual_librispeech-spanish_test,gain,1,DNSMOS,3.5701189009224317,0
multilingual_librispeech-spanish_test,tempo_down,3,DNSMOS,3.747940567421384,0
multilingual_librispeech-spanish_test,env_noise_wham,4,DNSMOS,2.440811316142557,0
multilingual_librispeech-spanish_test,bass,2,DNSMOS,3.579679624737946,0
multilingual_librispeech-spanish_test,env_noise_musan,3,DNSMOS,3.2367144019287215,0
multilingual_librispeech-spanish_test,echo,1,DNSMOS,3.544633412620545,0
multilingual_librispeech-spanish_test,echo,3,DNSMOS,3.5770599663312375,0
multilingual_librispeech-spanish_test,tremolo,3,DNSMOS,2.9885670695597484,0
multilingual_librispeech-spanish_test,phaser,4,DNSMOS,2.8496416794968553,0
multilingual_librispeech-spanish_test,crosstalk,3,DNSMOS,3.5878779807966454,0
multilingual_librispeech-spanish_test,env_noise_esc50,3,DNSMOS,3.451340010901468,0
multilingual_librispeech-spanish_test,pitch_up,3,DNSMOS,3.417697505408805,0
multilingual_librispeech-spanish_test,env_noise,3,DNSMOS,2.785693642725367,0
multilingual_librispeech-spanish_test,env_noise,4,DNSMOS,2.4727543859538788,0
multilingual_librispeech-spanish_test,env_noise,1,DNSMOS,3.122749948385744,0
multilingual_librispeech-spanish_test,pitch_down,2,DNSMOS,3.280791681677149,0
multilingual_librispeech-spanish_test,chorus,1,DNSMOS,3.7178526409643613,0
multilingual_librispeech-spanish_test,bass,4,DNSMOS,3.173793313165618,0
multilingual_librispeech-spanish_test,slowdown,3,DNSMOS,3.355072175303983,0
multilingual_librispeech-spanish_test,pitch_down,4,DNSMOS,2.7612243388259956,0
multilingual_librispeech-spanish_test,lowpass,2,DNSMOS,3.387291518532495,0
multilingual_librispeech-spanish_test,highpass,3,DNSMOS,3.0860017090985328,0
multilingual_librispeech-spanish_test,speedup,2,DNSMOS,3.5682197605031445,0
multilingual_librispeech-spanish_test,crosstalk,2,DNSMOS,3.6553644444863735,0
multilingual_librispeech-spanish_test,env_noise_musan,1,DNSMOS,3.7675299237316566,0
multilingual_librispeech-spanish_test,lowpass,3,DNSMOS,3.1110889824737944,0
multilingual_librispeech-spanish_test,speedup,3,DNSMOS,3.307790192033543,0
multilingual_librispeech-spanish_test,lowpass,1,DNSMOS,3.3622962375681342,0
multilingual_librispeech-spanish_test,env_noise_esc50,1,DNSMOS,3.8468895433962262,0
multilingual_librispeech-spanish_test,pitch_up,4,DNSMOS,3.386511577316562,0
multilingual_librispeech-spanish_test,echo,4,DNSMOS,3.5684906402935015,0
multilingual_librispeech-spanish_test,echo,2,DNSMOS,3.5869830320754716,0
multilingual_librispeech-spanish_test,tempo_up,4,DNSMOS,3.190235901719077,0
multilingual_librispeech-spanish_test,env_noise_wham,2,DNSMOS,3.5033027703983226,0
multilingual_librispeech-spanish_test,env_noise_esc50,4,DNSMOS,3.208853578867924,0
multilingual_librispeech-spanish_test,treble,1,DNSMOS,3.899511432872117,0
multilingual_librispeech-spanish_test,rir,1,DNSMOS,3.5500582041509436,0
multilingual_librispeech-spanish_test,gnoise,2,DNSMOS,3.0007755883018867,0
multilingual_librispeech-spanish_test,highpass,2,DNSMOS,3.4324345584486373,0
multilingual_librispeech-spanish_test,tempo_down,2,DNSMOS,3.8104763321174007,0
multilingual_librispeech-spanish_test,chorus,2,DNSMOS,3.552916208134172,0
multilingual_librispeech-spanish_test,chorus,4,DNSMOS,3.3783447842767296,0
multilingual_librispeech-spanish_test,gnoise,4,DNSMOS,2.2398684839413,0
multilingual_librispeech-spanish_test,bass,3,DNSMOS,3.440062604025157,0
multilingual_librispeech-spanish_test,bass,1,DNSMOS,3.6984992606289313,0
multilingual_librispeech-spanish_test,gain,2,DNSMOS,3.170411420167715,0
multilingual_librispeech-spanish_test,music,2,DNSMOS,3.4263485630607966,0
multilingual_librispeech-spanish_test,pitch_down,1,DNSMOS,3.5194905680503146,0
multilingual_librispeech-spanish_test,pitch_up,1,DNSMOS,3.6070821492662475,0
multilingual_librispeech-spanish_test,resample,4,DNSMOS,2.8769741390356396,0
multilingual_librispeech-spanish_test,crosstalk,1,DNSMOS,3.7808902134591196,0
multilingual_librispeech-spanish_test,tempo_up,2,DNSMOS,3.6314160960587007,0
multilingual_librispeech-spanish_test,crosstalk,4,DNSMOS,3.5444824194549267,0
multilingual_librispeech-spanish_test,phaser,2,DNSMOS,3.6291061242767295,0
multilingual_librispeech-spanish_test,gain,4,DNSMOS,2.854662317232705,0
multilingual_librispeech-spanish_test,env_noise_wham,3,DNSMOS,2.9382773459538782,0
multilingual_librispeech-spanish_test,tempo_up,1,DNSMOS,3.7920419267505237,0
multilingual_librispeech-spanish_test,speedup,4,DNSMOS,3.0668612303563942,0
multilingual_librispeech-spanish_test,tempo_up,3,DNSMOS,3.421785543480084,0
multilingual_librispeech-spanish_test,tremolo,1,DNSMOS,3.808756024360587,0
multilingual_librispeech-spanish_test,speedup,1,DNSMOS,3.801352127044025,0
multilingual_librispeech-spanish_test,tempo_down,4,DNSMOS,3.612381019119497,0
multilingual_librispeech-spanish_test,resample,3,DNSMOS,3.1257896178197067,0
multilingual_librispeech-spanish_test,highpass,1,DNSMOS,3.5723950391194967,0
multilingual_librispeech-spanish_test,env_noise_musan,2,DNSMOS,3.55580172,0
multilingual_librispeech-spanish_test,pitch_down,3,DNSMOS,3.0068387111530397,0
in-the-wild,farfield,1,DNSMOS,2.407366746503443,0
in-the-wild,nearfield,1,DNSMOS,2.7571434132058146,0
accented_cv,test,clean,DNSMOS,3.8258711295312495,0
accented_cv,test,1,DNSMOS,3.4975308692988936,0
librispeech_asr-test.clean,real_rir,3,DNSMOS,3.15526982851145,0
librispeech_asr-test.clean,slowdown,1,DNSMOS,3.8362016543129775,0
librispeech_asr-test.clean,resample,2,DNSMOS,3.3429686700000003,0
librispeech_asr-test.clean,rir,4,DNSMOS,2.8630462514503816,0
librispeech_asr-test.clean,rir,2,DNSMOS,3.086773647977099,0
librispeech_asr-test.clean,pitch_up,2,DNSMOS,3.4811311094656485,0
librispeech_asr-test.clean,lowpass,4,DNSMOS,2.3781942546183203,0
librispeech_asr-test.clean,treble,4,DNSMOS,3.0846719750381677,0
librispeech_asr-test.clean,env_noise,2,DNSMOS,2.894476633549618,0
librispeech_asr-test.clean,env_noise_esc50,2,DNSMOS,3.209730145839695,0
librispeech_asr-test.clean,treble,3,DNSMOS,3.3796532612595427,0
librispeech_asr-test.clean,gain,3,DNSMOS,2.941453034389313,0
librispeech_asr-test.clean,music,1,DNSMOS,3.6600653535114507,0
librispeech_asr-test.clean,treble,2,DNSMOS,3.6217072853435117,0
librispeech_asr-test.clean,music,4,DNSMOS,2.82230682889313,0
librispeech_asr-test.clean,chorus,3,DNSMOS,3.323689610458015,0
librispeech_asr-test.clean,tempo_down,1,DNSMOS,3.8133768339312972,0
librispeech_asr-test.clean,highpass,4,DNSMOS,2.814299632557252,0
librispeech_asr-test.clean,phaser,3,DNSMOS,3.154048558893129,0
librispeech_asr-test.clean,gnoise,1,DNSMOS,2.6265209177099234,0
librispeech_asr-test.clean,slowdown,2,DNSMOS,3.63451449721374,0
librispeech_asr-test.clean,music,3,DNSMOS,3.0566484279389314,0
librispeech_asr-test.clean,gnoise,3,DNSMOS,2.2967777259923667,0
librispeech_asr-test.clean,env_noise_musan,4,DNSMOS,2.9006164346564884,0
librispeech_asr-test.clean,rir,3,DNSMOS,2.905202571068702,0
librispeech_asr-test.clean,slowdown,4,DNSMOS,2.945761458206107,0
librispeech_asr-test.clean,tremolo,2,DNSMOS,3.4933880238549624,0
librispeech_asr-test.clean,env_noise_wham,1,DNSMOS,3.723451569427481,0
librispeech_asr-test.clean,resample,1,DNSMOS,3.7141329029389314,0
librispeech_asr-test.clean,tremolo,4,DNSMOS,2.251737664351145,0
librispeech_asr-test.clean,phaser,1,DNSMOS,3.752724102175572,0
librispeech_asr-test.clean,gain,1,DNSMOS,3.45408091980916,0
librispeech_asr-test.clean,tempo_down,3,DNSMOS,3.7162378326335874,0
librispeech_asr-test.clean,env_noise_wham,4,DNSMOS,2.475607088816794,0
librispeech_asr-test.clean,bass,2,DNSMOS,3.678209967061069,0
librispeech_asr-test.clean,env_noise_musan,3,DNSMOS,3.1555966787022895,0
librispeech_asr-test.clean,echo,1,DNSMOS,3.472543533167939,0
librispeech_asr-test.clean,echo,3,DNSMOS,3.5449966256870233,0
librispeech_asr-test.clean,tremolo,3,DNSMOS,2.927212254389313,0
librispeech_asr-test.clean,phaser,4,DNSMOS,2.8139775498091604,0
librispeech_asr-test.clean,crosstalk,3,DNSMOS,3.468653742900764,0
librispeech_asr-test.clean,env_noise_esc50,3,DNSMOS,3.076298289885496,0
librispeech_asr-test.clean,pitch_up,3,DNSMOS,3.381638205229008,0
librispeech_asr-test.clean,env_noise,3,DNSMOS,2.827080438816794,0
librispeech_asr-test.clean,env_noise,4,DNSMOS,2.5311132612595424,0
librispeech_asr-test.clean,env_noise,1,DNSMOS,3.0141679127480914,0
librispeech_asr-test.clean,pitch_down,2,DNSMOS,3.2095864203816795,0
librispeech_asr-test.clean,chorus,1,DNSMOS,3.6232971693893132,0
librispeech_asr-test.clean,bass,4,DNSMOS,3.211939360152672,0
librispeech_asr-test.clean,slowdown,3,DNSMOS,3.36287666072519,0
librispeech_asr-test.clean,pitch_down,4,DNSMOS,2.6791285264122138,0
librispeech_asr-test.clean,lowpass,2,DNSMOS,3.3066594298473286,0
librispeech_asr-test.clean,highpass,3,DNSMOS,3.063511113740458,0
librispeech_asr-test.clean,speedup,2,DNSMOS,3.4734628029389314,0
librispeech_asr-test.clean,crosstalk,2,DNSMOS,3.562227965725191,0
librispeech_asr-test.clean,env_noise_musan,1,DNSMOS,3.682401543244275,0
librispeech_asr-test.clean,lowpass,3,DNSMOS,3.0138845827099234,0
librispeech_asr-test.clean,voice_conversion_vctk,1,DNSMOS,3.7482995008396944,0
librispeech_asr-test.clean,speedup,3,DNSMOS,3.207210110305344,0
librispeech_asr-test.clean,lowpass,1,DNSMOS,3.295975766068702,0
librispeech_asr-test.clean,env_noise_esc50,1,DNSMOS,3.248091806145038,0
librispeech_asr-test.clean,pitch_up,4,DNSMOS,3.369684991717557,0
librispeech_asr-test.clean,echo,4,DNSMOS,3.5845682172900766,0
librispeech_asr-test.clean,echo,2,DNSMOS,3.519057519198473,0
librispeech_asr-test.clean,real_rir,4,DNSMOS,2.6681721601145036,0
librispeech_asr-test.clean,tempo_up,4,DNSMOS,3.091807010763359,0
librispeech_asr-test.clean,env_noise_wham,2,DNSMOS,3.432921319923665,0
librispeech_asr-test.clean,env_noise_esc50,4,DNSMOS,2.715207752480916,0
librispeech_asr-test.clean,treble,1,DNSMOS,3.784983211832061,0
librispeech_asr-test.clean,rir,1,DNSMOS,3.3944803087022897,0
librispeech_asr-test.clean,gnoise,2,DNSMOS,2.4496679288167935,0
librispeech_asr-test.clean,highpass,2,DNSMOS,3.4349609803816796,0
librispeech_asr-test.clean,tempo_down,2,DNSMOS,3.7743169717557254,0
librispeech_asr-test.clean,chorus,2,DNSMOS,3.447765069351145,0
librispeech_asr-test.clean,chorus,4,DNSMOS,3.3150069189694658,0
librispeech_asr-test.clean,gnoise,4,DNSMOS,2.0892026169465647,0
librispeech_asr-test.clean,real_rir,1,DNSMOS,3.603622112290076,0
librispeech_asr-test.clean,bass,3,DNSMOS,3.501312329007633,0
librispeech_asr-test.clean,bass,1,DNSMOS,3.7726788343511455,0
librispeech_asr-test.clean,gain,2,DNSMOS,3.1114544967938933,0
librispeech_asr-test.clean,music,2,DNSMOS,3.399016280076336,0
librispeech_asr-test.clean,pitch_down,1,DNSMOS,3.47905395759542,0
librispeech_asr-test.clean,pitch_up,1,DNSMOS,3.5595028724427475,0
librispeech_asr-test.clean,resample,4,DNSMOS,2.7626272270992365,0
librispeech_asr-test.clean,crosstalk,1,DNSMOS,3.699958300801527,0
librispeech_asr-test.clean,tempo_up,2,DNSMOS,3.4869979485877862,0
librispeech_asr-test.clean,real_rir,2,DNSMOS,3.4073581486259545,0
librispeech_asr-test.clean,crosstalk,4,DNSMOS,3.3941885557251914,0
librispeech_asr-test.clean,universal_adv,1,DNSMOS,3.814511912175572,0
librispeech_asr-test.clean,phaser,2,DNSMOS,3.5404582753435117,0
librispeech_asr-test.clean,gain,4,DNSMOS,2.8375436877862596,0
librispeech_asr-test.clean,env_noise_wham,3,DNSMOS,2.9272554558015265,0
librispeech_asr-test.clean,tempo_up,1,DNSMOS,3.6721737477480914,0
librispeech_asr-test.clean,speedup,4,DNSMOS,2.9989636801526722,0
librispeech_asr-test.clean,tempo_up,3,DNSMOS,3.2915949057251908,0
librispeech_asr-test.clean,tremolo,1,DNSMOS,3.7207493664885503,0
librispeech_asr-test.clean,speedup,1,DNSMOS,3.7280813446564887,0
librispeech_asr-test.clean,tempo_down,4,DNSMOS,3.5979281896564888,0
librispeech_asr-test.clean,resample,3,DNSMOS,3.046239927519084,0
librispeech_asr-test.clean,highpass,1,DNSMOS,3.5587050972900762,0
librispeech_asr-test.clean,env_noise_musan,2,DNSMOS,3.464181714732824,0
librispeech_asr-test.clean,pitch_down,3,DNSMOS,2.9375881859923663,0
in-the-wild-AMI,farfield,1,DNSMOS,2.6657914552551643,0
in-the-wild-AMI,nearfield,1,DNSMOS,3.4316583566676795,0
librispeech_asr,None,0,DNSMOS,3.842850109770992,0
librispeech_asr_test.clean,real_rir,3,PESQ,1.3566805407746148,0
librispeech_asr_test.clean,slowdown,1,PESQ,1.070234122804103,0
librispeech_asr_test.clean,resample,2,PESQ,3.692835974693298,0
librispeech_asr_test.clean,rir,4,PESQ,1.211940160234466,0
librispeech_asr_test.clean,rir,2,PESQ,1.3551571417855852,0
librispeech_asr_test.clean,pitch_up,2,PESQ,1.0477761757737807,0
librispeech_asr_test.clean,lowpass,4,PESQ,2.0984596946312273,0
librispeech_asr_test.clean,treble,4,PESQ,1.51549995136625,0
librispeech_asr_test.clean,env_noise,2,PESQ,2.432982757983317,0
librispeech_asr_test.clean,env_noise_esc50,2,PESQ,2.78770980152465,0
librispeech_asr_test.clean,treble,3,PESQ,2.6614951296162057,0
librispeech_asr_test.clean,gain,3,PESQ,1.3170491513405138,0
librispeech_asr_test.clean,music,1,PESQ,3.72851908989535,0
librispeech_asr_test.clean,treble,2,PESQ,4.054621009562762,0
librispeech_asr_test.clean,music,4,PESQ,1.2057682178402676,0
librispeech_asr_test.clean,chorus,3,PESQ,1.4505907359924026,0
librispeech_asr_test.clean,tempo_down,1,PESQ,1.255692649934128,0
librispeech_asr_test.clean,highpass,4,PESQ,1.5577706137686285,0
librispeech_asr_test.clean,phaser,3,PESQ,2.0302427143086006,0
librispeech_asr_test.clean,gnoise,1,PESQ,2.8565552647787196,0
librispeech_asr_test.clean,slowdown,2,PESQ,1.0543847996198445,0
librispeech_asr_test.clean,music,3,PESQ,1.659025603214293,0
librispeech_asr_test.clean,gnoise,3,PESQ,1.153504280598109,0
librispeech_asr_test.clean,env_noise_musan,4,PESQ,1.2624215157887408,0
librispeech_asr_test.clean,rir,3,PESQ,1.2292141191376984,0
librispeech_asr_test.clean,slowdown,4,PESQ,1.0458870819529646,0
librispeech_asr_test.clean,tremolo,2,PESQ,3.944695877300874,0
librispeech_asr_test.clean,env_noise_wham,1,PESQ,3.6101985939586436,0
librispeech_asr_test.clean,resample,1,PESQ,4.410730500348651,0
librispeech_asr_test.clean,tremolo,4,PESQ,1.4937490317202706,0
librispeech_asr_test.clean,phaser,1,PESQ,4.285874485560046,0
librispeech_asr_test.clean,gain,1,PESQ,2.125217281953069,0
librispeech_asr_test.clean,tempo_down,3,PESQ,1.0797720145408332,0
librispeech_asr_test.clean,env_noise_wham,4,PESQ,1.0841044152510986,0
librispeech_asr_test.clean,bass,2,PESQ,4.012530464434442,0
librispeech_asr_test.clean,env_noise_musan,3,PESQ,1.667937973846916,0
librispeech_asr_test.clean,echo,1,PESQ,1.5109520545897592,0
librispeech_asr_test.clean,echo,3,PESQ,1.5388734209628505,0
librispeech_asr_test.clean,tremolo,3,PESQ,3.1267738410989745,0
librispeech_asr_test.clean,phaser,4,PESQ,1.171063189288132,0
librispeech_asr_test.clean,crosstalk,3,PESQ,1.6744342004524841,0
librispeech_asr_test.clean,env_noise_esc50,3,PESQ,1.8398188591003417,0
librispeech_asr_test.clean,pitch_up,3,PESQ,1.0420775915375193,0
librispeech_asr_test.clean,env_noise,3,PESQ,1.524341929777888,0
librispeech_asr_test.clean,env_noise,4,PESQ,1.154893505391274,0
librispeech_asr_test.clean,env_noise,1,PESQ,3.555174389094797,0
librispeech_asr_test.clean,pitch_down,2,PESQ,1.0449952278428405,0
librispeech_asr_test.clean,chorus,1,PESQ,1.9408844470522786,0
librispeech_asr_test.clean,bass,4,PESQ,2.3692122567245977,0
librispeech_asr_test.clean,slowdown,3,PESQ,1.0521271550352524,0
librispeech_asr_test.clean,pitch_down,4,PESQ,1.0338177359741152,0
librispeech_asr_test.clean,lowpass,2,PESQ,3.217331915638829,0
librispeech_asr_test.clean,highpass,3,PESQ,1.6753203205024922,0
librispeech_asr_test.clean,speedup,2,PESQ,1.206107799365331,0
librispeech_asr_test.clean,crosstalk,2,PESQ,2.6198638840031077,0
librispeech_asr_test.clean,env_noise_musan,1,PESQ,3.5783853532703778,0
librispeech_asr_test.clean,lowpass,3,PESQ,2.69197417474885,0
librispeech_asr_test.clean,voice_conversion_vctk,1,PESQ,1.210777974684522,0
librispeech_asr_test.clean,speedup,3,PESQ,1.2586560034545937,0
librispeech_asr_test.clean,lowpass,1,PESQ,3.709968660942471,0
librispeech_asr_test.clean,env_noise_esc50,1,PESQ,3.777988515145906,0
librispeech_asr_test.clean,pitch_up,4,PESQ,1.0442526634412868,0
librispeech_asr_test.clean,echo,4,PESQ,1.71637201832451,0
librispeech_asr_test.clean,echo,2,PESQ,1.4633159438617356,0
librispeech_asr_test.clean,real_rir,4,PESQ,1.220018945096144,0
librispeech_asr_test.clean,tempo_up,4,PESQ,1.301610173748321,0
librispeech_asr_test.clean,env_noise_wham,2,PESQ,2.390866423017196,0
librispeech_asr_test.clean,env_noise_esc50,4,PESQ,1.3121877584293598,0
librispeech_asr_test.clean,treble,1,PESQ,4.615317078856111,0
librispeech_asr_test.clean,rir,1,PESQ,1.6958761902255866,0
librispeech_asr_test.clean,gnoise,2,PESQ,1.718842863217565,0
librispeech_asr_test.clean,highpass,2,PESQ,1.851662777853376,0
librispeech_asr_test.clean,tempo_down,2,PESQ,1.1092840707424214,0
librispeech_asr_test.clean,chorus,2,PESQ,1.5962541283086966,0
librispeech_asr_test.clean,chorus,4,PESQ,1.3779601078907042,0
librispeech_asr_test.clean,gnoise,4,PESQ,1.043081481038159,0
librispeech_asr_test.clean,real_rir,1,PESQ,2.721424514601249,0
librispeech_asr_test.clean,bass,3,PESQ,3.336803324668462,0
librispeech_asr_test.clean,bass,1,PESQ,4.133590573163433,0
librispeech_asr_test.clean,gain,2,PESQ,1.4938097843687044,0
librispeech_asr_test.clean,music,2,PESQ,2.619451376272522,0
librispeech_asr_test.clean,pitch_down,1,PESQ,1.0737769697913686,0
librispeech_asr_test.clean,pitch_up,1,PESQ,1.0716325491894292,0
librispeech_asr_test.clean,resample,4,PESQ,2.2622892851137935,0
librispeech_asr_test.clean,crosstalk,1,PESQ,3.6533775005631774,0
librispeech_asr_test.clean,tempo_up,2,PESQ,1.2938584334075591,0
librispeech_asr_test.clean,real_rir,2,PESQ,1.9250599644111313,0
librispeech_asr_test.clean,crosstalk,4,PESQ,1.231488535786403,0
librispeech_asr_test.clean,universal_adv,1,PESQ,4.347513151168823,0
librispeech_asr_test.clean,phaser,2,PESQ,3.383376002038708,0
librispeech_asr_test.clean,gain,4,PESQ,1.240085416304246,0
librispeech_asr_test.clean,env_noise_wham,3,PESQ,1.4212243013709556,0
librispeech_asr_test.clean,tempo_up,1,PESQ,1.409889097791343,0
librispeech_asr_test.clean,speedup,4,PESQ,1.269131365493566,0
librispeech_asr_test.clean,tempo_up,3,PESQ,1.3056996371313556,0
librispeech_asr_test.clean,tremolo,1,PESQ,4.290327248682503,0
librispeech_asr_test.clean,speedup,1,PESQ,1.1721198777911952,0
librispeech_asr_test.clean,tempo_down,4,PESQ,1.0661726830890343,0
librispeech_asr_test.clean,resample,3,PESQ,2.7610534290775997,0
librispeech_asr_test.clean,highpass,1,PESQ,2.782668749703706,0
librispeech_asr_test.clean,env_noise_musan,2,PESQ,2.528543778685213,0
librispeech_asr_test.clean,pitch_down,3,PESQ,1.0372926516842296,0
tedlium,pitch_down,3,PESQ,4.573294970976831,0
tedlium,pitch_down,3,PESQ,4.3798008715052745,0
tedlium,pitch_down,3,PESQ,4.557173012860726,0
tedlium_release3_test,real_rir,3,PESQ,1.4479666647973,0
tedlium_release3_test,slowdown,1,PESQ,1.068359240088967,0
tedlium_release3_test,resample,2,PESQ,4.038298899420832,0
tedlium_release3_test,rir,4,PESQ,1.359189454508034,0
tedlium_release3_test,rir,2,PESQ,1.547071521829217,0
tedlium_release3_test,pitch_up,2,PESQ,1.0473023946405078,0
tedlium_release3_test,lowpass,4,PESQ,2.373992202496818,0
tedlium_release3_test,treble,4,PESQ,1.759396439615114,0
tedlium_release3_test,env_noise,2,PESQ,2.8783636147889147,0
tedlium_release3_test,env_noise_esc50,2,PESQ,3.174808531018229,0
tedlium_release3_test,treble,3,PESQ,3.1817783592478657,0
tedlium_release3_test,gain,3,PESQ,1.2921121173136363,0
tedlium_release3_test,music,1,PESQ,4.161046466546414,0
tedlium_release3_test,treble,2,PESQ,4.33695251297083,0
tedlium_release3_test,music,4,PESQ,1.2473142308213683,0
tedlium_release3_test,chorus,3,PESQ,1.6672587677758943,0
tedlium_release3_test,tempo_down,1,PESQ,1.2860141831419496,0
tedlium_release3_test,highpass,4,PESQ,1.6072958154116388,0
tedlium_release3_test,phaser,3,PESQ,2.0613781696175786,0
tedlium_release3_test,gnoise,1,PESQ,3.2640630835263735,0
tedlium_release3_test,slowdown,2,PESQ,1.0636040547978554,0
tedlium_release3_test,music,3,PESQ,1.8471763799260765,0
tedlium_release3_test,gnoise,3,PESQ,1.2791117082642105,0
tedlium_release3_test,env_noise_musan,4,PESQ,1.3067814581728892,0
tedlium_release3_test,rir,3,PESQ,1.3771548495148167,0
tedlium_release3_test,slowdown,4,PESQ,1.0551451746268794,0
tedlium_release3_test,tremolo,2,PESQ,3.9847898785948135,0
tedlium_release3_test,env_noise_wham,1,PESQ,4.128126888175977,0
tedlium_release3_test,resample,1,PESQ,4.473825628670704,0
tedlium_release3_test,tremolo,4,PESQ,1.5184269488580926,0
tedlium_release3_test,phaser,1,PESQ,4.34976156952063,0
tedlium_release3_test,gain,1,PESQ,1.7737740918709872,0
tedlium_release3_test,tempo_down,3,PESQ,1.1025888280973908,0
tedlium_release3_test,env_noise_wham,4,PESQ,1.1010077156681741,0
tedlium_release3_test,bass,2,PESQ,4.19583264298001,0
tedlium_release3_test,env_noise_musan,3,PESQ,1.8499176388596745,0
tedlium_release3_test,echo,1,PESQ,1.9545404801542259,0
tedlium_release3_test,echo,3,PESQ,1.8509190864538196,0
tedlium_release3_test,tremolo,3,PESQ,3.1596523818771387,0
tedlium_release3_test,phaser,4,PESQ,1.1796536761718566,0
tedlium_release3_test,crosstalk,3,PESQ,1.8869165853569785,0
tedlium_release3_test,env_noise_esc50,3,PESQ,2.066329124172184,0
tedlium_release3_test,pitch_up,3,PESQ,1.0434795383564108,0
tedlium_release3_test,env_noise,3,PESQ,1.697573532678019,0
tedlium_release3_test,env_noise,4,PESQ,1.1847990925845076,0
tedlium_release3_test,env_noise,1,PESQ,4.003419925269882,0
tedlium_release3_test,pitch_down,2,PESQ,1.0410381812776601,0
tedlium_release3_test,chorus,1,PESQ,2.0712887602414374,0
tedlium_release3_test,bass,4,PESQ,2.4220883276061747,0
tedlium_release3_test,slowdown,3,PESQ,1.068885097846142,0
tedlium_release3_test,pitch_down,4,PESQ,1.0319421632244434,0
tedlium_release3_test,lowpass,2,PESQ,3.7762102018815806,0
tedlium_release3_test,highpass,3,PESQ,1.7631752439346842,0
tedlium_release3_test,speedup,2,PESQ,1.1556459071854837,0
tedlium_release3_test,crosstalk,2,PESQ,3.0812088025917834,0
tedlium_release3_test,env_noise_musan,1,PESQ,3.9564606794244908,0
tedlium_release3_test,lowpass,3,PESQ,3.345493144137814,0
tedlium_release3_test,voice_conversion_vctk,1,PESQ,1.1235144523797056,0
tedlium_release3_test,speedup,3,PESQ,1.1696863616270579,0
tedlium_release3_test,lowpass,1,PESQ,4.029844448099516,0
tedlium_release3_test,env_noise_esc50,1,PESQ,4.157138346799325,0
tedlium_release3_test,pitch_up,4,PESQ,1.0471134329379328,0
tedlium_release3_test,echo,4,PESQ,2.0212877387092227,0
tedlium_release3_test,echo,2,PESQ,1.8685668199686285,0
tedlium_release3_test,real_rir,4,PESQ,1.2976645169986618,0
tedlium_release3_test,tempo_up,4,PESQ,1.224542365582899,0
tedlium_release3_test,env_noise_wham,2,PESQ,2.8416799512438384,0
tedlium_release3_test,env_noise_esc50,4,PESQ,1.351279653440935,0
tedlium_release3_test,treble,1,PESQ,4.624333203562005,0
tedlium_release3_test,rir,1,PESQ,1.922999579669077,0
tedlium_release3_test,gnoise,2,PESQ,1.9697666090737183,0
tedlium_release3_test,highpass,2,PESQ,1.9395212136480176,0
tedlium_release3_test,tempo_down,2,PESQ,1.1330569259541585,0
tedlium_release3_test,chorus,2,PESQ,1.7855592885504976,0
tedlium_release3_test,chorus,4,PESQ,1.6115520496302296,0
tedlium_release3_test,gnoise,4,PESQ,1.066207108195981,0
tedlium_release3_test,real_rir,1,PESQ,3.0426322934532495,0
tedlium_release3_test,bass,3,PESQ,3.511152747908746,0
tedlium_release3_test,bass,1,PESQ,4.322292369821042,0
tedlium_release3_test,gain,2,PESQ,1.3998440668322598,0
tedlium_release3_test,music,2,PESQ,3.069245032049341,0
tedlium_release3_test,pitch_down,1,PESQ,1.0617458699480913,0
tedlium_release3_test,pitch_up,1,PESQ,1.0625306494934308,0
tedlium_release3_test,resample,4,PESQ,2.6749005415823883,0
tedlium_release3_test,crosstalk,1,PESQ,4.111070995314282,0
tedlium_release3_test,tempo_up,2,PESQ,1.2068405853088247,0
tedlium_release3_test,real_rir,2,PESQ,2.178217950272188,0
tedlium_release3_test,crosstalk,4,PESQ,1.2649117334256759,0
tedlium_release3_test,phaser,2,PESQ,3.4494463537966564,0
tedlium_release3_test,gain,4,PESQ,1.2421034150974797,0
tedlium_release3_test,env_noise_wham,3,PESQ,1.570897747883557,0
tedlium_release3_test,tempo_up,1,PESQ,1.3198995885650662,0
tedlium_release3_test,speedup,4,PESQ,1.1962024521008539,0
tedlium_release3_test,tempo_up,3,PESQ,1.2136004061814174,0
tedlium_release3_test,tremolo,1,PESQ,4.315880680621394,0
tedlium_release3_test,speedup,1,PESQ,1.1446497401083775,0
tedlium_release3_test,tempo_down,4,PESQ,1.0927787003246878,0
tedlium_release3_test,resample,3,PESQ,3.4371358887574908,0
tedlium_release3_test,highpass,1,PESQ,3.0170057844661136,0
tedlium_release3_test,env_noise_musan,2,PESQ,2.92720766300965,0
tedlium_release3_test,pitch_down,3,PESQ,1.035390280354994,0
multilingual_librispeech_spanish_test,slowdown,1,PESQ,1.0708347843497392,0
multilingual_librispeech_spanish_test,resample,2,PESQ,4.103690556931816,0
multilingual_librispeech_spanish_test,rir,4,PESQ,1.622927761117884,0
multilingual_librispeech_spanish_test,rir,2,PESQ,1.7412948320755377,0
multilingual_librispeech_spanish_test,pitch_up,2,PESQ,1.047767126020169,0
multilingual_librispeech_spanish_test,lowpass,4,PESQ,2.229613598011084,0
multilingual_librispeech_spanish_test,env_noise,2,PESQ,1.3551659634549347,0
multilingual_librispeech_spanish_test,env_noise_esc50,2,PESQ,2.6829578622975605,0
multilingual_librispeech_spanish_test,gain,3,PESQ,1.3505246565245943,0
multilingual_librispeech_spanish_test,music,1,PESQ,3.6960073448467576,0
multilingual_librispeech_spanish_test,music,4,PESQ,1.262873663648263,0
multilingual_librispeech_spanish_test,tempo_down,1,PESQ,1.2317701146106592,0
multilingual_librispeech_spanish_test,highpass,4,PESQ,1.4364704506209232,0
multilingual_librispeech_spanish_test,phaser,3,PESQ,1.951745158623929,0
multilingual_librispeech_spanish_test,gnoise,1,PESQ,2.6495161546556742,0
multilingual_librispeech_spanish_test,slowdown,2,PESQ,1.0668117723916353,0
multilingual_librispeech_spanish_test,music,3,PESQ,1.7098555360364434,0
multilingual_librispeech_spanish_test,gnoise,3,PESQ,1.1455167133436106,0
multilingual_librispeech_spanish_test,env_noise_musan,4,PESQ,1.256940817272903,0
multilingual_librispeech_spanish_test,rir,3,PESQ,1.5909617760237431,0
multilingual_librispeech_spanish_test,slowdown,4,PESQ,,0
multilingual_librispeech_spanish_test,env_noise_wham,1,PESQ,3.4477158062310025,0
multilingual_librispeech_spanish_test,resample,1,PESQ,4.392325085981581,0
multilingual_librispeech_spanish_test,phaser,1,PESQ,4.145036099091072,0
multilingual_librispeech_spanish_test,gain,1,PESQ,2.4367977384752875,0
multilingual_librispeech_spanish_test,tempo_down,3,PESQ,1.103834246245908,0
multilingual_librispeech_spanish_test,env_noise_wham,4,PESQ,1.0894070791718145,0
multilingual_librispeech_spanish_test,env_noise_musan,3,PESQ,1.6637732235577283,0
multilingual_librispeech_spanish_test,echo,1,PESQ,1.5935052780797017,0
multilingual_librispeech_spanish_test,echo,3,PESQ,1.6161109729101193,0
multilingual_librispeech_spanish_test,phaser,4,PESQ,1.1580740010878383,0
multilingual_librispeech_spanish_test,crosstalk,3,PESQ,1.6539824391971498,0
multilingual_librispeech_spanish_test,env_noise_esc50,3,PESQ,1.8310115801908027,0
multilingual_librispeech_spanish_test,pitch_up,3,PESQ,1.043013016049494,0
multilingual_librispeech_spanish_test,env_noise,3,PESQ,1.1502201425649177,0
multilingual_librispeech_spanish_test,env_noise,4,PESQ,1.0784967755211279,0
multilingual_librispeech_spanish_test,env_noise,1,PESQ,1.5362287758280766,0
multilingual_librispeech_spanish_test,pitch_down,2,PESQ,1.0427558614603625,0
multilingual_librispeech_spanish_test,slowdown,3,PESQ,1.071887924264481,0
multilingual_librispeech_spanish_test,pitch_down,4,PESQ,1.0324578020196633,0
multilingual_librispeech_spanish_test,lowpass,2,PESQ,3.426344638752857,0
multilingual_librispeech_spanish_test,highpass,3,PESQ,1.5881614441039578,0
multilingual_librispeech_spanish_test,speedup,2,PESQ,1.1377467915776012,0
multilingual_librispeech_spanish_test,crosstalk,2,PESQ,2.560975658813579,0
multilingual_librispeech_spanish_test,env_noise_musan,1,PESQ,3.4422152135896202,0
multilingual_librispeech_spanish_test,lowpass,3,PESQ,2.9569665215059415,0
multilingual_librispeech_spanish_test,speedup,3,PESQ,1.1139616245217951,0
multilingual_librispeech_spanish_test,lowpass,1,PESQ,3.807782557336676,0
multilingual_librispeech_spanish_test,env_noise_esc50,1,PESQ,3.643392293845247,0
multilingual_librispeech_spanish_test,pitch_up,4,PESQ,1.0479954443621955,0
multilingual_librispeech_spanish_test,echo,4,PESQ,1.7545473607094495,0
multilingual_librispeech_spanish_test,echo,2,PESQ,1.5531663099591364,0
multilingual_librispeech_spanish_test,tempo_up,4,PESQ,1.1227145543293409,0
multilingual_librispeech_spanish_test,env_noise_wham,2,PESQ,2.2845848850255845,0
multilingual_librispeech_spanish_test,env_noise_esc50,4,PESQ,1.315691671065436,0
multilingual_librispeech_spanish_test,rir,1,PESQ,2.246581034372317,0
multilingual_librispeech_spanish_test,gnoise,2,PESQ,1.6454401116243145,0
multilingual_librispeech_spanish_test,highpass,2,PESQ,1.6489185153337933,0
multilingual_librispeech_spanish_test,tempo_down,2,PESQ,1.1197002114726218,0
multilingual_librispeech_spanish_test,gnoise,4,PESQ,1.0438234233016135,0
multilingual_librispeech_spanish_test,gain,2,PESQ,1.5734262580439549,0
multilingual_librispeech_spanish_test,music,2,PESQ,2.676566918924351,0
multilingual_librispeech_spanish_test,pitch_down,1,PESQ,1.070846776934278,0
multilingual_librispeech_spanish_test,pitch_up,1,PESQ,1.0718192021118715,0
multilingual_librispeech_spanish_test,resample,4,PESQ,2.518472777617058,0
multilingual_librispeech_spanish_test,crosstalk,1,PESQ,3.5459977398382736,0
multilingual_librispeech_spanish_test,tempo_up,2,PESQ,1.1722742384606666,0
multilingual_librispeech_spanish_test,crosstalk,4,PESQ,1.2606726271794146,0
multilingual_librispeech_spanish_test,phaser,2,PESQ,3.2436221456967744,0
multilingual_librispeech_spanish_test,gain,4,PESQ,1.257787254832735,0
multilingual_librispeech_spanish_test,env_noise_wham,3,PESQ,1.400777367787473,0
multilingual_librispeech_spanish_test,tempo_up,1,PESQ,1.355668271998031,0
multilingual_librispeech_spanish_test,speedup,4,PESQ,1.112515483061066,0
multilingual_librispeech_spanish_test,tempo_up,3,PESQ,1.1262825371172749,0
multilingual_librispeech_spanish_test,speedup,1,PESQ,1.1672399952607666,0
multilingual_librispeech_spanish_test,tempo_down,4,PESQ,,0
multilingual_librispeech_spanish_test,resample,3,PESQ,3.0881550506057356,0
multilingual_librispeech_spanish_test,highpass,1,PESQ,2.467633264026786,0
multilingual_librispeech_spanish_test,env_noise_musan,2,PESQ,2.4810957605606756,0
multilingual_librispeech_spanish_test,pitch_down,3,PESQ,1.035502213409683,0
librispeech_asr,pitch_down,3,PESQ,4.2346654549809815,0
librispeech_asr,pitch_down,3,PESQ,4.201879789265058,0
librispeech_asr,pitch_down,3,PESQ,4.482714537900823,0
librispeech_asr,pitch_down,3,PESQ,4.044619899396678,0
librispeech_asr,pitch_down,3,PESQ,4.0386981741162655,0
librispeech_asr,pitch_down,3,PESQ,4.347513151168823,0
librispeech_asr,pitch_down,3,PESQ,4.041085605948936,0
librispeech_asr,pitch_down,3,PESQ,4.060546994755287,0
librispeech_asr,pitch_down,3,PESQ,4.309328185692999,0
librispeech_asr,pitch_down,3,PESQ,4.1062091932041955,0
librispeech_asr,pitch_down,3,PESQ,4.017211788574248,0
librispeech_asr,pitch_down,3,PESQ,4.043823770075354,0
librispeech_asr,pitch_down,3,PESQ,4.473003643432646,0
